design_id,length_mm,width_mm,height_mm,frontal_area_mm2,roof_height_mm,rear_slant_deg,windshield_deg,cabin_length_frac,n_vertices,cd,config
E_S_WWC_WM_0005,4770.9,1145.2,1239.8,1419772.0,1239.8,11.4,5.2,0.568,1558332,0.2962596001096345,E_S_WWC_WM
E_S_WWC_WM_0006,4731.9,1143.1,1333.6,1524423.0,1333.5,15.6,5.1,0.525,1558332,0.2234880593023255,E_S_WWC_WM
E_S_WWC_WM_0007,4902.9,1110.8,1221.2,1356510.0,1221.2,9.5,5.0,0.585,1558332,0.2778243377475083,E_S_WWC_WM
E_S_WWC_WM_0008,4943.1,1125.9,1222.0,1375936.0,1222.0,10.6,4.6,0.547,1558332,0.2389313833953488,E_S_WWC_WM
E_S_WWC_WM_0009,4678.6,1129.3,1294.2,1461497.0,1294.1,12.7,5.6,0.563,1558332,0.258389442475083,E_S_WWC_WM
E_S_WWC_WM_0010,4615.1,1043.9,1336.5,1395201.0,1336.2,14.9,4.9,0.539,1558332,0.2711289901096345,E_S_WWC_WM
E_S_WW_WM_0516,4547.5,1142.3,1311.2,1497803.0,1310.6,14.4,5.2,0.551,1558332,0.2512595007342192,E_S_WW_WM
E_S_WW_WM_0517,4598.9,1083.0,1286.0,1392781.0,1286.0,20.6,4.7,0.55,1558332,0.3071909977973422,E_S_WW_WM
E_S_WW_WM_0518,4661.5,1177.8,1354.6,1595400.0,1352.4,19.4,0.0,0.517,1558332,0.2776335601262458,E_S_WW_WM
E_S_WW_WM_0519,4674.7,1136.0,1290.5,1465981.0,1290.3,15.7,5.2,0.543,1558332,0.2692919006345515,E_S_WW_WM
E_S_WW_WM_0520,4655.4,988.5,1340.0,1324630.0,1340.0,14.4,4.7,0.545,1558332,0.2629865830465116,E_S_WW_WM
E_S_WW_WM_0521,5109.9,1117.0,1220.3,1363086.0,1220.3,8.2,4.4,0.544,1558332,0.2579085004784053,E_S_WW_WM
E_S_WW_WM_0522,4745.5,1032.5,1322.4,1365433.0,1321.9,13.5,4.7,0.536,1558332,0.283025044833887,E_S_WW_WM
E_S_WW_WM_0523,4525.2,1071.1,1308.9,1401992.0,1308.6,15.0,5.6,0.551,1558332,0.2717192038770764,E_S_WW_WM
E_S_WW_WM_0524,4789.7,951.0,1229.4,1169078.0,1228.8,10.0,4.5,0.565,1558332,0.3041322567176079,E_S_WW_WM
E_S_WW_WM_0525,4815.0,1057.9,1218.2,1288715.0,1218.2,8.4,5.0,0.539,1558332,0.255964845282392,E_S_WW_WM
E_S_WW_WM_0526,4518.5,1028.4,1233.0,1268099.0,1233.0,14.3,7.5,0.574,1558332,0.2548153176511628,E_S_WW_WM
E_S_WW_WM_0527,5065.9,1039.3,1238.9,1287604.0,1238.9,8.2,4.1,0.56,1558332,0.2718248832923587,E_S_WW_WM
E_S_WW_WM_0528,4759.1,999.0,1239.6,1238451.0,1239.6,8.0,4.3,0.589,1558332,0.2676777274152823,E_S_WW_WM
E_S_WW_WM_0529,4683.3,1053.9,1312.1,1382804.0,1312.1,13.4,4.9,0.54,1558332,0.2645505383122923,E_S_WW_WM
E_S_WW_WM_0530,4867.2,1081.7,1353.5,1464138.0,1350.6,10.7,0.0,0.534,1558332,0.2412807487674418,E_S_WW_WM
E_S_WW_WM_0531,4775.9,964.1,1272.5,1226767.0,1272.5,17.3,4.2,0.538,1558332,0.307246442847176,E_S_WW_WM
E_S_WW_WM_0532,4963.0,1011.7,1242.2,1256814.0,1242.2,11.5,4.0,0.55,1558332,0.282917494372093,E_S_WW_WM
E_S_WW_WM_0533,4688.5,1045.1,1277.9,1335603.0,1277.9,19.6,4.8,0.551,1558332,0.2943422801561461,E_S_WW_WM
E_S_WW_WM_0534,4747.1,1006.1,1312.2,1320221.0,1309.5,13.8,4.6,0.551,1558332,0.3104388085116279,E_S_WW_WM
E_S_WW_WM_0535,4447.7,984.8,1220.7,1202149.0,1220.6,10.4,5.5,0.593,1558332,0.2512519713787375,E_S_WW_WM
E_S_WW_WM_0536,4873.3,971.7,1310.4,1273365.0,1310.4,12.2,5.3,0.548,1558332,0.237149319,E_S_WW_WM
E_S_WW_WM_0537,4901.1,1025.9,1343.4,1378231.0,1343.0,18.7,4.0,0.531,1558332,0.2957431032691029,E_S_WW_WM
E_S_WW_WM_0538,4757.4,977.1,1288.5,1259009.0,1288.5,14.9,5.2,0.555,1558332,0.2562543300564784,E_S_WW_WM
E_S_WW_WM_0539,4857.0,973.1,1289.4,1254650.0,1289.3,18.4,5.2,0.521,1558332,0.2801376636345514,E_S_WW_WM
E_S_WW_WM_0540,4819.7,1108.5,1298.4,1439317.0,1298.3,17.7,5.9,0.549,1558332,0.2754317852757475,E_S_WW_WM
E_S_WW_WM_0541,4851.7,951.5,1332.3,1267683.0,1332.3,14.2,1.4,0.556,1558332,0.2887909220830565,E_S_WW_WM
E_S_WW_WM_0542,4840.0,1099.7,1236.8,1360057.0,1236.8,10.3,4.2,0.554,1558332,0.2469803536578073,E_S_WW_WM
E_S_WW_WM_0543,4891.6,1125.2,1269.0,1427890.0,1268.1,12.3,4.6,0.551,1558332,0.2709116991627907,E_S_WW_WM
E_S_WW_WM_0544,4653.2,1124.6,1269.1,1427184.0,1268.9,10.5,4.0,0.568,1558332,0.2622548699335548,E_S_WW_WM
E_S_WW_WM_0545,4546.7,1122.5,1265.4,1420484.0,1265.4,10.7,4.4,0.58,1558332,0.2565413955481727,E_S_WW_WM
E_S_WW_WM_0546,4899.3,974.2,1220.2,1188662.0,1220.2,9.7,4.8,0.549,1558332,0.2879195708704319,E_S_WW_WM
E_S_WW_WM_0547,4991.3,1075.8,1356.4,1459112.0,1352.7,14.6,0.0,0.516,1558332,0.2623123904019933,E_S_WW_WM
E_S_WW_WM_0548,4790.8,1062.8,1355.0,1440084.0,1354.7,21.4,0.4,0.539,1558332,0.3002977060564784,E_S_WW_WM
E_S_WW_WM_0549,4744.4,984.3,1244.2,1224703.0,1244.2,8.0,4.1,0.559,1558332,0.2726024708770764,E_S_WW_WM
E_S_WW_WM_0550,4490.7,1117.8,1268.3,1417724.0,1268.1,12.6,4.2,0.562,1558332,0.2868762866345515,E_S_WW_WM
E_S_WW_WM_0551,4928.2,1163.0,1287.9,1497843.0,1287.5,16.6,5.2,0.548,1558332,0.296134016179402,E_S_WW_WM
E_S_WW_WM_0552,4901.8,1076.0,1248.8,1343649.0,1248.8,11.7,4.1,0.538,1558332,0.281687667475083,E_S_WW_WM
E_S_WW_WM_0553,4750.3,930.5,1215.9,1131403.0,1215.9,7.8,5.0,0.582,1558332,0.2720391916478405,E_S_WW_WM
E_S_WW_WM_0554,4718.4,1101.9,1234.7,1360470.0,1234.7,12.1,6.8,0.576,1558332,0.2815341286079734,E_S_WW_WM
E_S_WW_WM_0555,4806.4,1080.1,1317.6,1423089.0,1317.6,19.3,5.5,0.534,1558332,0.27394421330897,E_S_WW_WM
E_S_WW_WM_0556,4816.7,1151.8,1352.2,1557550.0,1350.4,13.8,0.0,0.528,1558332,0.2542163993588039,E_S_WW_WM
E_S_WW_WM_0557,4505.6,1059.7,1254.3,1329226.0,1254.3,11.8,4.5,0.565,1558332,0.2633323940564784,E_S_WW_WM
E_S_WW_WM_0558,4705.8,1015.1,1281.4,1300847.0,1281.1,17.9,4.8,0.552,1558332,0.3093918493023256,E_S_WW_WM
E_S_WW_WM_0559,4737.4,1101.5,1252.5,1379662.0,1252.5,14.1,5.8,0.548,1558332,0.2481774168870432,E_S_WW_WM
E_S_WW_WM_0560,4862.9,1035.5,1331.6,1378932.0,1331.4,14.0,0.0,0.529,1558332,0.2238273128936877,E_S_WW_WM
E_S_WW_WM_0561,4612.3,1138.8,1284.8,1463092.0,1284.8,15.5,4.9,0.539,1558332,0.2939460820830565,E_S_WW_WM
E_S_WW_WM_0562,4928.7,1164.6,1330.0,1548855.0,1329.5,18.3,4.4,0.532,1558332,0.2656969715448505,E_S_WW_WM
E_S_WW_WM_0563,4759.4,1132.1,1229.7,1392102.0,1229.5,12.9,4.6,0.553,1558332,0.2984936877541528,E_S_WW_WM
E_S_WW_WM_0564,4862.6,1067.0,1351.6,1442139.0,1348.1,15.0,0.0,0.513,1558332,0.2932235448305648,E_S_WW_WM
E_S_WW_WM_0565,4729.1,946.0,1274.4,1205559.0,1274.0,12.7,5.4,0.541,1558332,0.2597578076744186,E_S_WW_WM
E_S_WW_WM_0566,4721.0,1009.2,1220.5,1231729.0,1220.5,9.2,4.9,0.56,1558332,0.2885443604717608,E_S_WW_WM
E_S_WW_WM_0567,4946.3,1007.5,1304.5,1314281.0,1303.2,17.9,4.7,0.512,1558332,0.2708000673189368,E_S_WW_WM
E_S_WW_WM_0568,4971.2,1049.6,1274.4,1337698.0,1274.4,13.4,4.7,0.545,1558332,0.2422876928803986,E_S_WW_WM
E_S_WW_WM_0569,4653.6,976.8,1298.0,1267858.0,1297.9,12.2,5.4,0.559,1558332,0.2768706114252492,E_S_WW_WM
E_S_WW_WM_0570,5047.9,1070.6,1223.7,1310110.0,1223.7,12.2,5.8,0.559,1558332,0.2666982284817276,E_S_WW_WM
E_S_WW_WM_0571,4623.0,1118.1,1327.8,1484513.0,1327.0,19.0,4.8,0.535,1558332,0.2848291019003322,E_S_WW_WM
E_S_WW_WM_0572,4791.4,1077.2,1287.7,1387143.0,1287.6,15.7,5.0,0.545,1558332,0.2787010063388704,E_S_WW_WM
E_S_WW_WM_0573,4612.2,958.3,1256.9,1204390.0,1256.8,12.3,3.8,0.572,1558332,0.2656161174518273,E_S_WW_WM
E_S_WW_WM_0574,5066.6,1093.1,1252.0,1368615.0,1251.9,15.0,3.9,0.545,1558332,0.2769582314352159,E_S_WW_WM
E_S_WW_WM_0575,4959.3,1031.2,1313.8,1354861.0,1313.5,15.5,4.8,0.541,1558332,0.2757620613222591,E_S_WW_WM
E_S_WW_WM_0576,4907.1,975.6,1311.6,1279625.0,1311.6,14.9,5.9,0.538,1558332,0.2886713904352159,E_S_WW_WM
E_S_WW_WM_0577,4678.3,1149.3,1257.2,1444821.0,1257.2,11.6,4.1,0.554,1558332,0.2561288533920265,E_S_WW_WM
E_S_WW_WM_0578,4794.3,1005.4,1294.9,1301986.0,1294.7,16.6,5.4,0.547,1558332,0.2762689105548173,E_S_WW_WM
E_S_WW_WM_0579,4617.9,1043.8,1218.9,1272378.0,1218.9,9.7,5.2,0.577,1558332,0.2744690599667774,E_S_WW_WM
E_S_WW_WM_0580,4767.6,1145.5,1260.3,1443629.0,1260.3,9.7,4.9,0.569,1558332,0.2908281731993355,E_S_WW_WM
E_S_WW_WM_0581,4983.8,1090.1,1330.1,1449924.0,1329.7,14.3,0.0,0.517,1558332,0.2307228377275747,E_S_WW_WM
E_S_WW_WM_0582,4799.8,1005.1,1228.4,1234713.0,1228.4,11.5,4.6,0.553,1558332,0.2581099894053156,E_S_WW_WM
E_S_WW_WM_0583,4411.1,1095.2,1285.4,1407732.0,1284.8,15.6,4.9,0.564,1558332,0.2753645602458472,E_S_WW_WM
E_S_WW_WM_0584,4792.8,1128.7,1297.8,1464833.0,1297.8,17.4,5.4,0.523,1558332,0.2615239774817276,E_S_WW_WM
E_S_WW_WM_0585,4838.6,1075.8,1298.1,1396493.0,1295.9,17.3,5.2,0.521,1558332,0.2922962815149502,E_S_WW_WM
E_S_WW_WM_0586,4803.0,1067.5,1304.4,1392477.0,1303.9,12.3,5.0,0.538,1558332,0.2771562897641196,E_S_WW_WM
E_S_WW_WM_0587,4692.2,1050.3,1351.3,1419231.0,1351.3,13.4,0.0,0.555,1558332,0.2532354770398671,E_S_WW_WM
E_S_WW_WM_0588,4885.0,1103.9,1319.5,1456568.0,1319.2,18.5,4.9,0.52,1558332,0.2913576070631229,E_S_WW_WM
E_S_WW_WM_0589,4911.1,1014.9,1235.0,1253406.0,1235.0,11.6,4.4,0.544,1558332,0.2579676812259137,E_S_WW_WM
E_S_WW_WM_0590,4575.1,1145.7,1236.2,1416274.0,1236.2,11.5,4.5,0.562,1558332,0.2864696676943521,E_S_WW_WM
E_S_WW_WM_0591,4853.2,975.0,1304.3,1271672.0,1304.3,9.9,5.1,0.559,1558332,0.243700455847176,E_S_WW_WM
E_S_WW_WM_0592,4629.8,1024.0,1239.9,1269657.0,1239.7,14.0,4.7,0.563,1558332,0.2916006454717608,E_S_WW_WM
E_S_WW_WM_0593,4804.6,966.0,1289.0,1245249.0,1288.9,15.6,5.4,0.526,1558332,0.2562273643488372,E_S_WW_WM
E_S_WW_WM_0594,4741.6,1163.0,1310.5,1524161.0,1310.2,21.0,5.7,0.528,1558332,0.2833692295249169,E_S_WW_WM
E_S_WW_WM_0595,4848.2,1094.0,1286.7,1407693.0,1286.7,15.4,5.6,0.542,1558332,0.272594058730897,E_S_WW_WM
E_S_WW_WM_0596,4762.8,1030.1,1286.2,1324858.0,1286.1,14.4,5.2,0.57,1558332,0.2864895471561461,E_S_WW_WM
E_S_WW_WM_0597,4880.6,944.6,1297.0,1225133.0,1296.9,14.1,5.1,0.529,1558332,0.2527466419202658,E_S_WW_WM
E_S_WW_WM_0598,4511.2,969.1,1350.7,1308987.0,1349.1,17.4,4.2,0.533,1558332,0.2770120587607974,E_S_WW_WM
E_S_WW_WM_0600,4773.4,1102.0,1227.7,1352813.0,1227.7,13.8,3.2,0.57,1558332,0.2988911906345515,E_S_WW_WM
E_S_WW_WM_0601,4526.6,1103.8,1278.0,1410737.0,1276.9,13.6,4.9,0.572,1558332,0.2610035428837209,E_S_WW_WM
E_S_WW_WM_0602,4940.0,951.5,1267.2,1205787.0,1267.2,13.8,5.1,0.563,1558332,0.276715658551495,E_S_WW_WM
E_S_WW_WM_0603,4952.1,1191.8,1283.4,1529501.0,1283.4,16.2,5.4,0.553,1558332,0.2680996702026578,E_S_WW_WM
E_S_WW_WM_0604,4890.8,1174.3,1298.0,1524277.0,1296.5,16.3,4.8,0.534,1558332,0.3071457585182724,E_S_WW_WM
E_S_WW_WM_0605,4772.4,1120.8,1309.6,1467688.0,1309.1,12.1,5.9,0.562,1558332,0.2839122677242525,E_S_WW_WM
E_S_WW_WM_0606,5079.1,997.7,1216.1,1213322.0,1216.1,9.3,4.6,0.559,1558332,0.2642592386611295,E_S_WW_WM
E_S_WW_WM_0607,4823.2,952.0,1342.3,1277928.0,1341.6,14.8,0.0,0.512,1558332,0.277793964116279,E_S_WW_WM
E_S_WW_WM_0608,4888.6,1109.3,1239.7,1375133.0,1239.5,13.0,4.2,0.55,1558332,0.2817132848737542,E_S_WW_WM
E_S_WW_WM_0609,4521.1,1107.4,1289.9,1428403.0,1289.7,11.7,5.3,0.552,1558332,0.3064725802491694,E_S_WW_WM
E_S_WW_WM_0610,4777.0,1083.3,1345.2,1457215.0,1344.5,13.9,4.5,0.54,1558332,0.268211041910299,E_S_WW_WM
E_S_WW_WM_0611,4591.2,1095.3,1230.7,1348092.0,1230.7,13.4,6.8,0.565,1558332,0.2664679621627907,E_S_WW_WM
E_S_WW_WM_0612,4927.9,1021.7,1261.9,1289321.0,1261.9,16.7,4.7,0.568,1558332,0.2569197526611296,E_S_WW_WM
E_S_WW_WM_0613,4890.1,1156.4,1234.0,1427042.0,1234.0,6.7,4.2,0.558,1558332,0.24432118220598,E_S_WW_WM
E_S_WW_WM_0614,4572.1,1016.9,1290.5,1312315.0,1290.4,14.5,5.3,0.543,1558332,0.2748843579368771,E_S_WW_WM
E_S_WW_WM_0615,5046.1,1068.2,1242.2,1326805.0,1242.2,10.7,4.2,0.548,1558332,0.268358644295681,E_S_WW_WM
E_S_WW_WM_0616,5080.8,1076.0,1323.8,1424353.0,1323.7,17.4,4.6,0.526,1558332,0.2955986448372093,E_S_WW_WM
E_S_WW_WM_0617,5014.0,1123.3,1223.6,1374467.0,1223.6,9.9,4.6,0.556,1558332,0.2920673185880398,E_S_WW_WM
E_S_WW_WM_0618,4778.2,1119.6,1352.4,1514068.0,1347.8,10.8,0.0,0.518,1558332,0.2864593267408638,E_S_WW_WM
E_S_WW_WM_0619,4795.9,1002.3,1274.5,1277525.0,1273.1,14.2,5.2,0.554,1558332,0.2848591688239202,E_S_WW_WM
E_S_WW_WM_0620,4495.5,1033.9,1228.1,1269744.0,1228.1,8.2,5.0,0.59,1558332,0.2462213881760797,E_S_WW_WM
E_S_WW_WM_0621,4660.3,998.4,1239.2,1237199.0,1239.2,14.9,5.8,0.554,1558332,0.292513597026578,E_S_WW_WM
E_S_WW_WM_0622,4897.9,1056.9,1330.7,1406399.0,1327.8,17.5,0.0,0.515,1558332,0.3071585997142857,E_S_WW_WM
E_S_WW_WM_0623,5041.9,1116.6,1246.2,1391545.0,1245.9,10.8,3.8,0.547,1558332,0.2923106016079734,E_S_WW_WM
E_S_WW_WM_0624,4800.3,1136.4,1226.6,1393971.0,1226.0,12.5,4.5,0.549,1558332,0.2766638750365449,E_S_WW_WM
E_S_WW_WM_0625,4748.8,1110.8,1277.4,1418920.0,1277.4,18.3,4.6,0.547,1558332,0.258568210372093,E_S_WW_WM
E_S_WW_WM_0626,4931.1,1060.0,1353.9,1435075.0,1353.5,18.1,0.0,0.521,1558332,0.3040605444983389,E_S_WW_WM
E_S_WW_WM_0627,4945.0,981.6,1262.0,1238713.0,1262.0,12.3,4.3,0.551,1558332,0.2599173082059801,E_S_WW_WM
E_S_WW_WM_0628,4550.0,1072.9,1339.6,1437202.0,1339.6,19.4,0.7,0.544,1558332,0.2859696357807308,E_S_WW_WM
E_S_WW_WM_0629,4945.6,1071.6,1333.4,1428813.0,1333.3,9.9,4.3,0.547,1558332,0.264366808089701,E_S_WW_WM
E_S_WW_WM_0630,4790.5,1131.9,1329.5,1504850.0,1329.3,18.5,4.6,0.522,1558332,0.2705663075581395,E_S_WW_WM
E_S_WW_WM_0631,4718.7,1025.1,1350.1,1383923.0,1349.9,15.4,1.2,0.562,1558332,0.2422330792890365,E_S_WW_WM
E_S_WW_WM_0632,4649.3,1008.9,1335.3,1347272.0,1334.2,17.7,5.4,0.552,1558332,0.2906002964186047,E_S_WW_WM
E_S_WW_WM_0633,4663.3,928.5,1251.5,1162056.0,1250.7,14.6,4.1,0.556,1558332,0.2844536718006644,E_S_WW_WM
E_S_WW_WM_0634,4692.5,991.9,1326.7,1315914.0,1326.1,12.3,4.9,0.55,1558332,0.2825001107142857,E_S_WW_WM
E_S_WW_WM_0635,5037.6,1010.9,1333.1,1347636.0,1331.9,17.3,0.0,0.516,1558332,0.2864126034551495,E_S_WW_WM
E_S_WW_WM_0636,4635.1,1074.2,1307.3,1404342.0,1306.8,17.3,5.4,0.522,1558332,0.2768426762757475,E_S_WW_WM
E_S_WW_WM_0637,4784.6,1063.7,1281.7,1363345.0,1281.7,14.3,4.7,0.548,1558332,0.2631378782591362,E_S_WW_WM
E_S_WW_WM_0638,4975.8,1034.0,1311.1,1355611.0,1311.1,13.7,4.9,0.529,1558332,0.2641209015016611,E_S_WW_WM
E_S_WW_WM_0639,4727.6,1085.4,1265.9,1374010.0,1264.8,14.5,4.0,0.547,1558332,0.2984710303355481,E_S_WW_WM
E_S_WW_WM_0640,4882.4,1141.3,1325.0,1512309.0,1322.6,8.7,0.0,0.531,1558332,0.2796432584385382,E_S_WW_WM
E_S_WW_WM_0641,4753.7,1017.6,1307.8,1330916.0,1307.1,18.8,5.3,0.526,1558332,0.2941010146445183,E_S_WW_WM
E_S_WW_WM_0642,4720.2,958.4,1312.6,1258054.0,1311.9,15.1,4.9,0.527,1558332,0.3093052726445182,E_S_WW_WM
E_S_WW_WM_0643,4810.1,1001.4,1232.8,1234528.0,1232.6,9.8,4.3,0.549,1558332,0.2613761933820598,E_S_WW_WM
E_S_WW_WM_0644,4869.9,1151.6,1325.3,1526303.0,1325.2,16.2,5.1,0.54,1558332,0.2825878149667774,E_S_WW_WM
E_S_WW_WM_0645,5010.7,1036.7,1351.1,1400682.0,1350.5,16.4,0.0,0.517,1558332,0.2718554286877076,E_S_WW_WM
E_S_WW_WM_0646,4928.6,1107.6,1237.1,1370178.0,1237.1,9.7,4.6,0.567,1558332,0.2785512498704319,E_S_WW_WM
E_S_WW_WM_0647,5125.0,1071.1,1289.7,1381413.0,1289.5,11.4,4.8,0.537,1558332,0.2536568117807309,E_S_WW_WM
E_S_WW_WM_0648,4759.8,1007.8,1342.8,1353230.0,1341.7,13.7,0.0,0.54,1558332,0.250949516013289,E_S_WW_WM
E_S_WW_WM_0649,4871.3,953.7,1263.8,1205259.0,1263.8,13.2,4.0,0.551,1558332,0.2739072883920265,E_S_WW_WM
E_S_WW_WM_0650,4806.1,975.6,1301.6,1269846.0,1301.6,16.0,5.0,0.545,1558332,0.2777166459833887,E_S_WW_WM
E_S_WW_WM_0651,4563.5,1112.5,1347.2,1498757.0,1345.6,18.8,4.1,0.521,1558332,0.2977652549368771,E_S_WW_WM
E_S_WW_WM_0652,5100.3,999.7,1230.1,1229710.0,1230.1,11.4,4.2,0.543,1558332,0.2620032063488371,E_S_WW_WM
E_S_WW_WM_0653,4970.1,1109.8,1289.7,1431308.0,1289.7,13.0,5.0,0.541,1558332,0.234854766398671,E_S_WW_WM
E_S_WW_WM_0654,4719.6,1058.0,1243.9,1316098.0,1243.9,13.3,4.6,0.544,1558332,0.254240281833887,E_S_WW_WM
E_S_WW_WM_0655,4825.8,959.3,1274.0,1222199.0,1274.0,9.5,4.3,0.566,1558332,0.2631287777109635,E_S_WW_WM
E_S_WW_WM_0656,5005.5,1130.8,1316.2,1488309.0,1316.2,11.2,4.7,0.536,1558332,0.252993379833887,E_S_WW_WM
E_S_WW_WM_0657,4979.2,1015.1,1280.7,1299950.0,1280.5,16.6,4.5,0.55,1558332,0.3117904170166113,E_S_WW_WM
E_S_WW_WM_0658,5007.5,1044.9,1316.4,1375490.0,1316.0,17.3,4.9,0.527,1558332,0.2738885687142857,E_S_WW_WM
E_S_WW_WM_0659,4644.9,1102.7,1299.3,1432772.0,1298.3,11.7,5.6,0.529,1558332,0.2484481848039867,E_S_WW_WM
E_S_WW_WM_0660,4727.8,1132.6,1297.3,1469375.0,1297.3,11.5,5.5,0.553,1558332,0.2657330098704318,E_S_WW_WM
E_S_WW_WM_0661,5153.6,1002.9,1280.7,1284439.0,1280.6,11.7,5.1,0.539,1558332,0.2842177234119601,E_S_WW_WM
E_S_WW_WM_0662,5116.4,1103.3,1342.7,1481435.0,1341.8,14.6,0.0,0.519,1558332,0.2727777779568106,E_S_WW_WM
E_S_WW_WM_0663,4614.5,1036.7,1312.4,1360522.0,1312.4,13.7,5.7,0.553,1558332,0.2716957291129568,E_S_WW_WM
E_S_WW_WM_0664,4547.0,1029.6,1270.2,1307710.0,1268.7,14.1,4.8,0.553,1558332,0.3153763703920266,E_S_WW_WM
E_S_WW_WM_0665,4772.1,962.9,1349.3,1299254.0,1349.3,14.5,0.0,0.537,1558332,0.2661151977840531,E_S_WW_WM
E_S_WW_WM_0666,4814.5,1065.3,1292.1,1376414.0,1291.7,13.1,5.2,0.552,1558332,0.3016945273654485,E_S_WW_WM
E_S_WW_WM_0667,4640.9,1008.5,1211.6,1221835.0,1211.6,7.7,5.3,0.576,1558332,0.2453189734119601,E_S_WW_WM
E_S_WW_WM_0668,4921.2,991.4,1232.5,1221952.0,1232.5,6.2,4.1,0.572,1558332,0.2448510365481727,E_S_WW_WM
E_S_WW_WM_0669,4611.6,947.7,1218.6,1154918.0,1218.6,7.1,5.2,0.585,1558332,0.2775085634916944,E_S_WW_WM
E_S_WW_WM_0670,4755.2,1125.6,1326.4,1493000.0,1322.2,13.2,0.0,0.527,1558332,0.2792542984152824,E_S_WW_WM
E_S_WW_WM_0671,4624.4,1026.2,1344.7,1379896.0,1344.0,17.8,4.6,0.546,1558332,0.2548058867574751,E_S_WW_WM
E_S_WW_WM_0672,4830.9,972.8,1321.5,1285485.0,1320.4,14.3,4.6,0.547,1558332,0.3027228776943522,E_S_WW_WM
E_S_WW_WM_0673,4917.8,1145.1,1354.6,1551209.0,1354.0,14.3,0.0,0.53,1558332,0.2714630959302325,E_S_WW_WM
E_S_WW_WM_0674,4588.7,1011.8,1358.7,1374759.0,1357.3,17.2,0.0,0.554,1558332,0.2982755256411959,E_S_WW_WM
E_S_WW_WM_0675,5119.7,967.7,1249.7,1209376.0,1249.6,14.2,4.1,0.531,1558332,0.2721896124285714,E_S_WW_WM
E_S_WW_WM_0676,4623.8,1062.7,1353.3,1438146.0,1352.0,15.9,0.0,0.553,1558332,0.2638835320199336,E_S_WW_WM
E_S_WW_WM_0677,4827.0,951.2,1239.4,1178885.0,1239.2,11.6,4.1,0.565,1558332,0.2917037135382059,E_S_WW_WM
E_S_WW_WM_0678,4725.1,1133.5,1328.1,1505326.0,1327.2,12.6,4.6,0.546,1558332,0.2679530995315615,E_S_WW_WM
E_S_WW_WM_0679,5086.7,1134.3,1333.6,1512767.0,1332.8,12.1,0.0,0.523,1558332,0.2801924671063123,E_S_WW_WM
E_S_WW_WM_0680,4952.9,1048.8,1229.4,1289392.0,1229.2,8.7,4.4,0.549,1558332,0.2974289367607973,E_S_WW_WM
E_S_WW_WM_0681,4849.1,1116.0,1266.7,1413652.0,1266.6,11.9,5.3,0.582,1558332,0.2766309131694351,E_S_WW_WM
E_S_WW_WM_0682,4605.3,1059.0,1318.9,1396758.0,1318.7,18.6,5.7,0.533,1558332,0.2590253236212624,E_S_WW_WM
E_S_WW_WM_0683,4711.5,1108.7,1276.5,1415208.0,1276.5,11.4,4.5,0.555,1558332,0.2783385380697674,E_S_WW_WM
E_S_WW_WM_0684,4979.4,990.2,1324.1,1311070.0,1324.1,13.7,4.6,0.538,1558332,0.2457959934817275,E_S_WW_WM
E_S_WW_WM_0685,4839.6,1178.5,1294.4,1525461.0,1294.4,16.3,5.2,0.529,1558332,0.2582030869435216,E_S_WW_WM
E_S_WW_WM_0686,4588.4,1168.5,1329.8,1553971.0,1327.4,16.7,4.5,0.546,1558332,0.2877128491129568,E_S_WW_WM
E_S_WW_WM_0687,4581.4,995.3,1266.4,1260545.0,1266.4,16.6,6.7,0.566,1558332,0.2887051928637874,E_S_WW_WM
E_S_WW_WM_0688,4847.9,1167.8,1307.3,1526601.0,1307.3,11.6,4.3,0.565,1558332,0.2365185559767441,E_S_WW_WM
E_S_WW_WM_0689,4707.6,1009.2,1244.2,1255695.0,1244.2,8.6,6.6,0.578,1558332,0.2577587794584717,E_S_WW_WM
E_S_WW_WM_0690,5116.4,948.9,1342.7,1274113.0,1342.4,16.9,0.0,0.503,1558332,0.2645997833322259,E_S_WW_WM
E_S_WW_WM_0691,4720.2,1084.3,1342.6,1455734.0,1342.5,19.2,4.6,0.513,1558332,0.2700692818272425,E_S_WW_WM
E_S_WW_WM_0692,4857.9,1114.8,1274.7,1421048.0,1274.7,14.1,3.5,0.564,1558332,0.288487458358804,E_S_WW_WM
E_S_WW_WM_0693,4825.3,1150.4,1244.8,1431981.0,1244.6,11.3,4.4,0.537,1558332,0.2424601082990033,E_S_WW_WM
E_S_WW_WM_0694,5194.1,1143.2,1245.5,1423786.0,1245.5,13.5,4.8,0.546,1558332,0.2704243835348837,E_S_WW_WM
E_S_WW_WM_0695,4931.7,1008.7,1325.7,1337230.0,1325.7,11.5,4.7,0.534,1558332,0.2456537477043189,E_S_WW_WM
E_S_WW_WM_0696,4805.3,1006.4,1219.8,1227607.0,1219.8,8.4,4.9,0.574,1558332,0.293964014820598,E_S_WW_WM
E_S_WW_WM_0697,4543.9,1111.8,1336.6,1486022.0,1334.5,19.6,4.8,0.549,1558332,0.2734809921428571,E_S_WW_WM
E_S_WW_WM_0698,4918.8,1040.0,1296.4,1348238.0,1296.0,16.0,5.3,0.514,1558332,0.258276436179402,E_S_WW_WM
E_S_WW_WM_0699,4742.8,1090.4,1325.4,1445270.0,1324.7,18.9,5.2,0.52,1558332,0.2944361353222591,E_S_WW_WM
E_S_WW_WM_0700,4610.0,1029.6,1353.4,1393531.0,1349.7,18.8,0.0,0.521,1558332,0.3198101698903654,E_S_WW_WM
F_D_WM_WW_0001,4997.6,2014.8,1641.4,3307146.0,1641.4,12.9,7.1,0.472,1251342,0.2758330686320894,F_D_WM_WW
F_D_WM_WW_0002,5136.2,2019.5,1688.8,3410441.0,1688.8,13.3,8.2,0.49,1251342,0.279601692104593,F_D_WM_WW
F_D_WM_WW_0003,4901.3,2017.2,1621.5,3270899.0,1621.5,12.3,7.4,0.494,1251342,0.2728372840358691,F_D_WM_WW
F_D_WM_WW_0004,4804.7,2041.6,1371.8,2800585.0,1371.8,12.1,9.1,0.606,1251342,0.2577121556208067,F_D_WM_WW
F_D_WM_WW_0005,4766.4,2025.3,1465.0,2967090.0,1465.0,10.3,7.7,0.533,1251342,0.2678900635827639,F_D_WM_WW
F_D_WM_WW_0006,5154.8,2022.2,1680.9,3399159.0,1680.9,12.7,7.8,0.493,1251342,0.2774151530752517,F_D_WM_WW
F_D_WM_WW_0008,4859.0,2017.2,1572.0,3171038.0,1572.0,12.5,7.1,0.49,1251342,0.268218432875674,F_D_WM_WW
F_D_WM_WW_0009,4772.8,2037.8,1394.1,2840868.0,1394.1,11.6,9.1,0.573,1251342,0.2704662844427929,F_D_WM_WW
F_D_WM_WW_0010,5100.5,2023.5,1638.7,3316025.0,1638.7,14.3,8.3,0.514,1251342,0.2849148534560543,F_D_WM_WW
F_D_WM_WW_0011,4789.7,2020.4,1504.8,3040306.0,1504.8,10.8,7.2,0.505,1251342,0.263572757631452,F_D_WM_WW
F_D_WM_WW_0012,4957.8,2038.6,1451.4,2958746.0,1451.4,14.4,8.6,0.589,1251342,0.2747048210377882,F_D_WM_WW
F_D_WM_WW_0013,4976.3,2035.8,1470.7,2993989.0,1470.7,14.1,8.7,0.581,1251342,0.2745364367752132,F_D_WM_WW
F_D_WM_WW_0014,4824.2,2038.8,1387.3,2828472.0,1387.3,12.0,9.3,0.571,1251342,0.271801829537252,F_D_WM_WW
F_D_WM_WW_0015,5012.6,2014.5,1649.4,3322698.0,1649.4,12.1,7.2,0.471,1251342,0.276729524483394,F_D_WM_WW
F_D_WM_WW_0016,5152.0,2037.9,1574.0,3207578.0,1574.0,13.2,7.5,0.571,1251342,0.2776524774514132,F_D_WM_WW
F_D_WM_WW_0017,5177.6,2025.1,1684.7,3411615.0,1684.7,13.1,7.1,0.521,1251342,0.2828742264982334,F_D_WM_WW
F_D_WM_WW_0018,4939.4,2040.9,1430.0,2918433.0,1430.0,13.8,8.5,0.579,1251342,0.2775914164423525,F_D_WM_WW
F_D_WM_WW_0019,4804.2,2017.1,1536.9,3100097.0,1536.9,10.2,6.8,0.482,1251342,0.2734444427896552,F_D_WM_WW
F_D_WM_WW_0020,5039.6,2032.5,1534.7,3119302.0,1534.7,13.7,8.2,0.575,1251342,0.2778899306815525,F_D_WM_WW
F_D_WM_WW_0021,4910.2,2035.4,1448.8,2948999.0,1448.8,13.3,9.1,0.552,1251342,0.2550083302261402,F_D_WM_WW
F_D_WM_WW_0022,4975.0,2037.8,1474.3,3004287.0,1474.3,14.8,8.3,0.565,1251342,0.2810199717811187,F_D_WM_WW
F_D_WM_WW_0023,5189.4,2015.8,1748.0,3523721.0,1748.0,12.9,7.6,0.47,1251342,0.2848596213384864,F_D_WM_WW
F_D_WM_WW_0024,5165.2,2041.2,1540.1,3143626.0,1540.1,13.8,8.4,0.569,1251342,0.3102429442436092,F_D_WM_WW
F_D_WM_WW_0025,4886.8,2017.8,1531.1,3089346.0,1531.1,12.2,6.8,0.476,1251342,0.260141711742952,F_D_WM_WW
F_D_WM_WW_0026,4795.6,2031.9,1427.1,2899751.0,1427.1,11.3,8.4,0.541,1251342,0.2575314588047249,F_D_WM_WW
F_D_WM_WW_0027,4851.0,2030.9,1434.9,2914057.0,1434.9,11.9,8.3,0.528,1251342,0.2420353593385376,F_D_WM_WW
F_D_WM_WW_0028,4939.4,2034.9,1455.8,2962343.0,1455.8,13.4,9.1,0.585,1251342,0.2646588638794727,F_D_WM_WW
F_D_WM_WW_0029,4843.3,2034.0,1410.6,2869234.0,1410.6,12.1,8.8,0.552,1251342,0.2686105051865705,F_D_WM_WW
F_D_WM_WW_0030,5077.9,2016.6,1680.7,3389371.0,1680.7,13.3,7.4,0.476,1251342,0.2792233074640579,F_D_WM_WW
F_D_WM_WW_0031,5036.7,2017.2,1640.4,3308949.0,1640.4,12.9,7.5,0.481,1251342,0.2792597363670092,F_D_WM_WW
F_D_WM_WW_0032,5090.7,2036.3,1549.8,3155806.0,1549.8,14.3,7.9,0.583,1251342,0.2825863890724123,F_D_WM_WW
F_D_WM_WW_0033,4995.5,2021.5,1599.4,3233201.0,1599.4,12.8,8.1,0.559,1251342,0.266490703932677,F_D_WM_WW
F_D_WM_WW_0034,5230.1,2021.4,1705.2,3446790.0,1705.2,13.5,7.3,0.492,1251342,0.293244389227505,F_D_WM_WW
F_D_WM_WW_0035,4792.3,2035.1,1406.7,2862861.0,1406.7,11.4,8.8,0.596,1251342,0.2706278630753527,F_D_WM_WW
F_D_WM_WW_0036,5060.6,2036.3,1516.8,3088684.0,1516.8,15.5,7.5,0.557,1251342,0.2888088020884352,F_D_WM_WW
F_D_WM_WW_0037,5160.6,2030.5,1617.1,3283577.0,1617.1,13.8,7.5,0.537,1251342,0.2717223570759931,F_D_WM_WW
F_D_WM_WW_0038,4886.8,2032.0,1422.3,2890095.0,1422.3,12.2,8.7,0.579,1251342,0.2618056659106805,F_D_WM_WW
F_D_WM_WW_0039,5205.7,2042.5,1552.9,3171769.0,1552.9,14.3,8.0,0.572,1251342,0.3077910027021394,F_D_WM_WW
F_D_WM_WW_0040,4752.1,2025.5,1465.0,2967320.0,1465.0,10.5,7.7,0.535,1251342,0.2582469118507516,F_D_WM_WW
F_D_WM_WW_0041,4831.3,2016.2,1538.8,3102561.0,1538.8,10.6,6.8,0.479,1251342,0.2783390546616856,F_D_WM_WW
F_D_WM_WW_0042,4756.3,2019.2,1510.7,3050351.0,1510.7,10.9,7.0,0.503,1251342,0.2681101270525019,F_D_WM_WW
F_D_WM_WW_0043,4983.6,2022.5,1582.8,3201265.0,1582.8,12.9,8.2,0.503,1251342,0.2643515203192388,F_D_WM_WW
F_D_WM_WW_0044,5023.3,2038.8,1500.7,3059691.0,1500.7,14.4,8.0,0.584,1251342,0.2803951844921348,F_D_WM_WW
F_D_WM_WW_0045,4862.6,2017.0,1535.0,3096032.0,1535.0,11.3,6.8,0.477,1251342,0.2646906217161462,F_D_WM_WW
F_D_WM_WW_0046,4772.8,2023.1,1479.6,2993291.0,1479.6,10.7,7.5,0.523,1251342,0.2661026134908466,F_D_WM_WW
F_D_WM_WW_0047,4968.7,2034.1,1502.9,3057066.0,1502.9,14.3,8.4,0.588,1251342,0.2591005466616029,F_D_WM_WW
F_D_WM_WW_0048,4869.3,2028.3,1445.6,2932004.0,1445.6,11.4,8.2,0.522,1251342,0.270372627917641,F_D_WM_WW
F_D_WM_WW_0049,5002.2,2022.7,1542.2,3119359.0,1542.2,12.3,7.8,0.498,1251342,0.2715224118575336,F_D_WM_WW
F_D_WM_WW_0050,5004.4,2037.8,1511.2,3079602.0,1511.2,15.7,8.1,0.593,1251342,0.2832653837297705,F_D_WM_WW
F_D_WM_WW_0051,5129.6,2020.4,1673.2,3380487.0,1673.2,13.9,8.4,0.494,1251342,0.2773287816738437,F_D_WM_WW
F_D_WM_WW_0052,5213.0,2017.5,1727.3,3484771.0,1727.3,14.2,7.8,0.477,1251342,0.2925217725815169,F_D_WM_WW
F_D_WM_WW_0053,4795.0,2033.2,1420.3,2887784.0,1420.3,11.0,8.7,0.547,1251342,0.2737378264963318,F_D_WM_WW
F_D_WM_WW_0054,5148.4,2021.5,1657.6,3350904.0,1657.6,14.1,8.5,0.495,1251342,0.2957641374456448,F_D_WM_WW
F_D_WM_WW_0055,5141.1,2014.9,1698.9,3423034.0,1698.9,14.4,7.5,0.467,1251342,0.28459716326565,F_D_WM_WW
F_D_WM_WW_0056,4916.7,2014.7,1629.2,3282442.0,1629.2,12.0,7.0,0.473,1251342,0.2664051751797973,F_D_WM_WW
F_D_WM_WW_0057,5169.9,2015.1,1753.1,3532706.0,1753.1,11.9,7.4,0.466,1251342,0.2814822147456906,F_D_WM_WW
F_D_WM_WW_0058,4795.8,2033.0,1422.3,2891413.0,1422.3,11.3,8.6,0.591,1251342,0.2619100715001943,F_D_WM_WW
F_D_WM_WW_0059,5138.0,2035.4,1581.5,3218965.0,1581.5,13.7,7.8,0.573,1251342,0.2791047408332931,F_D_WM_WW
F_D_WM_WW_0060,4864.1,2034.9,1410.6,2870442.0,1410.6,11.8,9.0,0.55,1251342,0.2695397361394956,F_D_WM_WW
F_D_WM_WW_0061,5100.5,2036.0,1555.9,3167945.0,1555.9,13.9,7.6,0.575,1251342,0.2832485873005468,F_D_WM_WW
F_D_WM_WW_0062,4946.9,2040.1,1425.9,2908832.0,1425.9,15.1,8.8,0.595,1251342,0.2798240099708297,F_D_WM_WW
F_D_WM_WW_0063,5187.0,2028.3,1641.2,3328804.0,1641.2,14.0,7.3,0.53,1251342,0.2770339346356303,F_D_WM_WW
F_D_WM_WW_0064,4938.4,2016.3,1540.0,3105112.0,1540.0,11.8,6.9,0.472,1251342,0.2722964323353276,F_D_WM_WW
F_D_WM_WW_0065,4933.2,2019.6,1578.8,3188517.0,1578.8,12.9,7.4,0.496,1251342,0.2600632193018083,F_D_WM_WW
F_D_WM_WW_0066,5172.0,2022.6,1674.0,3385690.0,1674.0,14.2,7.7,0.498,1251342,0.2856277909399329,F_D_WM_WW
F_D_WM_WW_0067,5194.6,2040.9,1578.8,3222218.0,1578.8,12.4,7.2,0.572,1251342,0.2971899897766794,F_D_WM_WW
F_D_WM_WW_0068,4912.5,2038.0,1403.8,2861026.0,1403.8,13.3,9.3,0.59,1251342,0.2554842021396648,F_D_WM_WW
F_D_WM_WW_0070,5160.3,2039.4,1561.8,3185179.0,1561.8,13.6,8.1,0.58,1251342,0.3015860516444933,F_D_WM_WW
F_D_WM_WW_0071,4936.2,2022.2,1534.9,3103876.0,1534.9,12.5,7.7,0.504,1251342,0.2714012262021621,F_D_WM_WW
F_D_WM_WW_0072,4905.0,2018.6,1612.3,3254527.0,1612.3,12.9,7.3,0.494,1251342,0.2704200509861958,F_D_WM_WW
F_D_WM_WW_0073,5203.7,2017.3,1724.0,3477945.0,1724.0,13.1,8.0,0.479,1251342,0.2957586066847465,F_D_WM_WW
F_D_WM_WW_0074,5171.1,2032.1,1636.0,3324481.0,1636.0,12.5,6.9,0.57,1251342,0.2888646332917901,F_D_WM_WW
F_D_WM_WW_0075,4741.2,2014.6,1547.6,3117796.0,1547.6,11.1,6.6,0.484,1251342,0.2721375637853628,F_D_WM_WW
F_D_WM_WW_0076,4830.7,2019.8,1506.8,3043351.0,1506.8,11.4,7.2,0.498,1251342,0.2659760916506006,F_D_WM_WW
F_D_WM_WW_0077,4764.3,2016.7,1537.9,3101400.0,1537.9,11.3,6.8,0.488,1251342,0.2640418785607274,F_D_WM_WW
F_D_WM_WW_0078,5000.0,2036.2,1489.5,3032982.0,1489.5,15.3,8.1,0.583,1251342,0.2725495815199849,F_D_WM_WW
F_D_WM_WW_0079,4936.0,2037.4,1436.5,2926733.0,1436.5,13.5,8.9,0.582,1251342,0.2615444377525354,F_D_WM_WW
F_D_WM_WW_0080,4999.0,2025.1,1577.2,3194125.0,1577.2,14.1,8.5,0.519,1251342,0.26772854687326,F_D_WM_WW
F_D_WM_WW_0081,4822.6,2031.7,1426.2,2897550.0,1426.2,10.9,8.6,0.589,1251342,0.2670334379667598,F_D_WM_WW
F_D_WM_WW_0082,4845.4,2017.5,1571.7,3170797.0,1571.7,12.2,7.1,0.486,1251342,0.2636202471793339,F_D_WM_WW
F_D_WM_WW_0083,4983.1,2028.4,1549.2,3142278.0,1549.2,14.4,8.7,0.524,1251342,0.2635515944824869,F_D_WM_WW
F_D_WM_WW_0084,5004.5,2023.2,1587.3,3211572.0,1587.3,13.9,8.3,0.51,1251342,0.2706247322676026,F_D_WM_WW
F_D_WM_WW_0085,4810.2,2024.7,1469.9,2976017.0,1469.9,9.9,7.7,0.521,1251342,0.2759413930939839,F_D_WM_WW
F_D_WM_WW_0086,4993.2,2030.5,1553.8,3155077.0,1553.8,14.5,8.4,0.577,1251342,0.2697581473967529,F_D_WM_WW
F_D_WM_WW_0087,5026.3,2024.4,1595.0,3228851.0,1595.0,13.5,8.6,0.507,1251342,0.2701029659538381,F_D_WM_WW
F_D_WM_WW_0088,4743.6,2024.7,1468.9,2974118.0,1468.9,10.2,7.6,0.529,1251342,0.2671571630817447,F_D_WM_WW
F_D_WM_WW_0089,4940.4,2022.0,1504.9,3042927.0,1504.9,11.7,7.5,0.499,1251342,0.2606027458958274,F_D_WM_WW
F_D_WM_WW_0090,4952.2,2018.1,1634.0,3297705.0,1634.0,12.6,7.6,0.496,1251342,0.2901365765681321,F_D_WM_WW
F_D_WM_WW_0091,4840.7,2018.4,1525.3,3078668.0,1525.3,12.2,7.1,0.492,1251342,0.2590043784274726,F_D_WM_WW
F_D_WM_WW_0092,4830.9,2016.7,1533.0,3091679.0,1533.0,11.2,6.8,0.48,1251342,0.2737595724664708,F_D_WM_WW
F_D_WM_WW_0093,5172.1,2016.4,1725.9,3480106.0,1725.9,14.2,7.8,0.48,1251342,0.2799799733541031,F_D_WM_WW
F_D_WM_WW_0094,4834.8,2035.8,1401.9,2853892.0,1401.9,12.4,9.1,0.561,1251342,0.2555135826548198,F_D_WM_WW
F_D_WM_WW_0095,4992.4,2019.9,1579.9,3191152.0,1579.9,12.5,7.7,0.493,1251342,0.2749331341382733,F_D_WM_WW
F_D_WM_WW_0096,4915.2,2021.7,1518.3,3069564.0,1518.3,12.4,7.6,0.505,1251342,0.2648914469895431,F_D_WM_WW
F_D_WM_WW_0097,4784.4,2017.9,1525.2,3077825.0,1525.2,10.8,6.9,0.493,1251342,0.2596049108702199,F_D_WM_WW
F_D_WM_WW_0098,4954.9,2017.7,1579.1,3186058.0,1579.1,12.8,7.3,0.485,1251342,0.2703855354081431,F_D_WM_WW
F_D_WM_WW_0099,5110.0,2018.7,1674.2,3379695.0,1674.2,14.1,8.1,0.492,1251342,0.2844964936363878,F_D_WM_WW
F_D_WM_WW_0100,4911.5,2018.8,1533.2,3095171.0,1533.2,13.0,7.2,0.489,1251342,0.2519678171378126,F_D_WM_WW
F_D_WM_WW_0101,4884.9,2015.9,1541.8,3108035.0,1541.8,12.0,6.8,0.473,1251342,0.263801876769012,F_D_WM_WW
F_D_WM_WW_0102,4835.4,2028.6,1448.5,2938461.0,1448.5,11.5,8.0,0.58,1251342,0.2567776780156554,F_D_WM_WW
F_D_WM_WW_0103,5092.6,2023.0,1634.5,3306678.0,1634.5,13.3,8.4,0.502,1251342,0.2696328026834364,F_D_WM_WW
F_D_WM_WW_0104,4858.5,2018.6,1513.6,3055375.0,1513.6,11.2,7.1,0.492,1251342,0.2642377645103529,F_D_WM_WW
F_D_WM_WW_0105,4825.0,2020.8,1505.8,3042916.0,1505.8,11.3,7.2,0.501,1251342,0.2576454071745513,F_D_WM_WW
F_D_WM_WW_0106,5111.6,2024.6,1630.5,3301232.0,1630.5,14.1,8.0,0.514,1251342,0.2856673536531667,F_D_WM_WW
F_D_WM_WW_0107,4945.5,2026.1,1512.9,3065225.0,1512.9,13.8,8.3,0.522,1251342,0.2577277593257494,F_D_WM_WW
F_D_WM_WW_0108,4892.0,2023.0,1485.4,3004984.0,1485.4,11.2,7.5,0.508,1251342,0.2699959548757885,F_D_WM_WW
F_D_WM_WW_0109,4898.5,2020.0,1505.8,3041779.0,1505.8,12.0,7.2,0.493,1251342,0.2656488915576432,F_D_WM_WW
F_D_WM_WW_0110,5156.4,2022.3,1678.9,3395308.0,1678.9,13.8,7.9,0.505,1251342,0.2847317853628175,F_D_WM_WW
F_D_WM_WW_0111,5181.6,2036.4,1573.3,3203947.0,1573.3,14.8,7.7,0.555,1251342,0.316071739815019,F_D_WM_WW
F_D_WM_WW_0112,4937.8,2041.9,1419.5,2898476.0,1419.5,13.8,8.6,0.597,1251342,0.2772748120089877,F_D_WM_WW
F_D_WM_WW_0113,4831.9,2023.4,1482.5,2999636.0,1482.5,11.0,7.6,0.515,1251342,0.2646329999159307,F_D_WM_WW
F_D_WM_WW_0114,4916.9,2023.7,1578.9,3195199.0,1578.9,13.2,8.2,0.515,1251342,0.2709286353599787,F_D_WM_WW
F_D_WM_WW_0505,4839.0,2035.4,1406.7,2863256.0,1406.7,11.7,9.0,0.56,1251342,0.2754108850199295,F_D_WM_WW
F_D_WM_WW_0506,4783.1,2017.8,1523.3,3073632.0,1523.3,10.1,7.0,0.494,1251342,0.2740236914174995,F_D_WM_WW
F_D_WM_WW_0507,5083.8,2038.7,1530.0,3119208.0,1530.0,15.3,8.0,0.576,1251342,0.2816238711104987,F_D_WM_WW
F_D_WM_WW_0508,4985.8,2028.9,1494.5,3032170.0,1494.5,13.0,8.9,0.519,1251342,0.2694819358954664,F_D_WM_WW
F_D_WM_WW_0509,5027.0,2037.1,1511.5,3079186.0,1511.5,15.3,8.0,0.565,1251342,0.2744455252616536,F_D_WM_WW
F_D_WM_WW_0510,4926.7,2017.9,1555.9,3139596.0,1555.9,12.7,7.3,0.486,1251342,0.2611703793283255,F_D_WM_WW
F_D_WM_WW_0511,4905.3,2017.8,1529.1,3085489.0,1529.1,11.5,6.9,0.477,1251342,0.2742281297745418,F_D_WM_WW
F_D_WM_WW_0512,5127.4,2018.8,1682.9,3397452.0,1682.9,12.9,8.2,0.489,1251342,0.2816480042055946,F_D_WM_WW
F_D_WM_WW_0513,5110.4,2031.9,1584.5,3219599.0,1584.5,14.8,7.6,0.539,1251342,0.2871760944412329,F_D_WM_WW
F_D_WM_WW_0514,4999.2,2040.5,1477.4,3014535.0,1477.4,15.7,8.1,0.581,1251342,0.2794720973919704,F_D_WM_WW
F_D_WM_WW_0515,4995.9,2037.2,1475.7,3006447.0,1475.7,13.5,8.2,0.579,1251342,0.2738494534108719,F_D_WM_WW
F_D_WM_WW_0516,4849.3,2029.8,1450.6,2944448.0,1450.6,12.1,8.4,0.531,1251342,0.2512119942157686,F_D_WM_WW
F_D_WM_WW_0517,5013.2,2026.7,1565.8,3173391.0,1565.8,14.4,8.7,0.528,1251342,0.2715712520770217,F_D_WM_WW
F_D_WM_WW_0518,4960.1,2014.1,1629.7,3282399.0,1629.7,13.7,7.0,0.468,1251342,0.2718784202832269,F_D_WM_WW
F_D_WM_WW_0519,5132.2,2035.6,1553.8,3162988.0,1553.8,14.8,7.3,0.578,1251342,0.2905860839122323,F_D_WM_WW
F_D_WM_WW_0520,4781.3,2041.2,1374.7,2806013.0,1374.7,11.9,9.1,0.588,1251342,0.2680369083127454,F_D_WM_WW
F_D_WM_WW_0521,4740.7,2026.3,1460.2,2958769.0,1460.2,10.3,7.8,0.532,1251342,0.2585908237154959,F_D_WM_WW
F_D_WM_WW_0522,5016.9,2041.2,1499.8,3061483.0,1499.8,15.5,8.2,0.585,1251342,0.2800914997503769,F_D_WM_WW
F_D_WM_WW_0523,4821.4,2018.6,1514.6,3057203.0,1514.6,11.7,7.0,0.493,1251342,0.2515612497883698,F_D_WM_WW
F_D_WM_WW_0524,5009.0,2028.2,1559.2,3162477.0,1559.2,14.0,8.7,0.527,1251342,0.2789671410713547,F_D_WM_WW
F_D_WM_WW_0525,5033.5,2040.7,1478.0,3016232.0,1478.0,14.1,7.6,0.589,1251342,0.2915530702620106,F_D_WM_WW
F_D_WM_WW_0526,4937.3,2036.6,1464.2,2981988.0,1464.2,13.8,8.7,0.592,1251342,0.2674575092749535,F_D_WM_WW
F_D_WM_WW_0527,5018.1,2028.3,1590.1,3225126.0,1590.1,15.0,8.0,0.54,1251342,0.2722357330483816,F_D_WM_WW
F_D_WM_WW_0528,4887.1,2021.0,1497.1,3025574.0,1497.1,11.2,7.4,0.503,1251342,0.2704924086539474,F_D_WM_WW
F_D_WM_WW_0529,5026.8,2018.2,1638.2,3306221.0,1638.2,12.9,7.7,0.492,1251342,0.2737895796006871,F_D_WM_WW
F_D_WM_WW_0530,4928.4,2038.0,1507.3,3071912.0,1507.3,13.9,8.1,0.599,1251342,0.286650636628744,F_D_WM_WW
F_D_WM_WW_0531,4749.6,2032.0,1427.1,2899946.0,1427.1,10.7,8.3,0.558,1251342,0.2557848427331802,F_D_WM_WW
F_D_WM_WW_0532,4973.2,2015.3,1585.5,3195220.0,1585.5,12.0,7.0,0.468,1251342,0.2693203827606305,F_D_WM_WW
F_D_WM_WW_0533,4954.2,2023.9,1531.8,3100174.0,1531.8,13.7,7.9,0.512,1251342,0.2570911344667956,F_D_WM_WW
F_D_WM_WW_0534,4788.8,2017.3,1535.0,3096416.0,1535.0,9.9,6.8,0.486,1251342,0.2734503109226443,F_D_WM_WW
F_D_WM_WW_0535,5090.7,2017.6,1673.3,3376030.0,1673.3,14.7,7.8,0.488,1251342,0.2754549819040461,F_D_WM_WW
F_D_WM_WW_0536,5022.5,2019.0,1680.2,3392394.0,1680.2,14.6,7.9,0.498,1251342,0.2925156860963573,F_D_WM_WW
F_D_WM_WW_0537,4782.1,2020.6,1499.0,3028868.0,1499.0,10.2,7.3,0.51,1251342,0.2679517550050949,F_D_WM_WW
F_D_WM_WW_0538,4987.7,2015.2,1632.7,3290350.0,1632.7,12.4,7.0,0.473,1251342,0.2780485881816253,F_D_WM_WW
F_D_WM_WW_0539,4809.4,2035.1,1408.7,2866725.0,1408.7,10.8,9.0,0.597,1251342,0.2706721123704491,F_D_WM_WW
F_D_WM_WW_0540,5043.1,2016.9,1657.1,3342114.0,1657.1,13.5,7.6,0.482,1251342,0.2681236219336805,F_D_WM_WW
F_D_WM_WW_0541,5152.1,2019.8,1699.0,3431737.0,1699.0,13.5,8.2,0.494,1251342,0.2817615256758192,F_D_WM_WW
F_D_WM_WW_0542,4930.2,2040.2,1384.3,2824270.0,1384.3,13.0,9.3,0.567,1251342,0.2826504985971872,F_D_WM_WW
F_D_WM_WW_0543,4983.1,2022.9,1576.1,3188191.0,1576.1,13.7,8.2,0.511,1251342,0.2760368711885418,F_D_WM_WW
F_D_WM_WW_0544,5089.0,2041.4,1517.5,3097732.0,1517.5,15.2,8.0,0.581,1251342,0.2839676248414289,F_D_WM_WW
F_D_WM_WW_0545,5137.2,2018.2,1704.5,3439925.0,1704.5,13.8,8.0,0.488,1251342,0.2736227927393935,F_D_WM_WW
F_D_WM_WW_0546,4743.7,2019.4,1519.4,3068310.0,1519.4,10.8,7.0,0.498,1251342,0.2637502372217584,F_D_WM_WW
F_D_WM_WW_0547,5217.8,2027.6,1654.5,3354613.0,1654.5,14.1,7.0,0.525,1251342,0.2942210186255755,F_D_WM_WW
F_D_WM_WW_0548,4949.1,2023.2,1558.7,3153596.0,1558.7,13.5,8.0,0.512,1251342,0.259427521176957,F_D_WM_WW
F_D_WM_WW_0549,5000.0,2018.5,1613.9,3257621.0,1613.9,13.6,7.7,0.492,1251342,0.2720465297737255,F_D_WM_WW
F_D_WM_WW_0550,5100.6,2032.4,1570.2,3191233.0,1570.2,13.9,7.3,0.568,1251342,0.2713123654684308,F_D_WM_WW
F_D_WM_WW_0551,5004.2,2022.4,1601.0,3237712.0,1601.0,13.7,8.0,0.504,1251342,0.2686904831129627,F_D_WM_WW
F_D_WM_WW_0552,5002.1,2033.4,1552.7,3157376.0,1552.7,14.4,7.7,0.577,1251342,0.2856185493277047,F_D_WM_WW
F_D_WM_WW_0553,4931.5,2031.1,1438.7,2922195.0,1438.7,12.8,8.6,0.538,1251342,0.2735475843611525,F_D_WM_WW
F_D_WM_WW_0554,4864.2,2028.5,1450.4,2942242.0,1450.4,11.7,8.1,0.523,1251342,0.2614985600140868,F_D_WM_WW
F_D_WM_WW_0555,4827.8,2020.0,1503.9,3037828.0,1503.9,11.3,7.3,0.502,1251342,0.2681981818245152,F_D_WM_WW
F_D_WM_WW_0556,5185.4,2029.2,1629.6,3306786.0,1629.6,14.0,7.1,0.525,1251342,0.2890607721441092,F_D_WM_WW
F_D_WM_WW_0557,5080.0,2022.6,1627.1,3291061.0,1627.1,12.9,8.6,0.556,1251342,0.2760345827851129,F_D_WM_WW
F_D_WM_WW_0558,5113.6,2037.8,1552.3,3163329.0,1552.3,14.4,7.7,0.58,1251342,0.2857628741176466,F_D_WM_WW
F_D_WM_WW_0559,4823.3,2039.9,1383.4,2821978.0,1383.4,12.0,9.3,0.576,1251342,0.2741894394059493,F_D_WM_WW
F_D_WM_WW_0560,5130.5,2028.7,1617.2,3280855.0,1617.2,13.2,7.5,0.563,1251342,0.2704440327519958,F_D_WM_WW
F_D_WM_WW_0561,4862.7,2033.3,1419.4,2886004.0,1419.4,11.8,8.7,0.586,1251342,0.2651957201931056,F_D_WM_WW
F_D_WM_WW_0562,4868.5,2028.7,1446.6,2934677.0,1446.6,11.2,8.3,0.527,1251342,0.2680067384452594,F_D_WM_WW
F_D_WM_WW_0563,5090.4,2031.1,1580.8,3210817.0,1580.8,14.6,7.7,0.571,1251342,0.2670607134281461,F_D_WM_WW
F_D_WM_WW_0564,5103.7,2016.2,1675.4,3378013.0,1675.4,12.9,7.6,0.476,1251342,0.2815526303597177,F_D_WM_WW
F_D_WM_WW_0565,5055.0,2032.3,1534.6,3118843.0,1534.6,14.4,8.0,0.541,1251342,0.2847172489979475,F_D_WM_WW
F_D_WM_WW_0566,4989.5,2036.4,1496.5,3047449.0,1496.5,14.2,8.1,0.583,1251342,0.2781716237534192,F_D_WM_WW
F_D_WM_WW_0567,4934.6,2021.0,1506.7,3045027.0,1506.7,11.5,7.4,0.496,1251342,0.2733425188182058,F_D_WM_WW
F_D_WM_WW_0568,4893.5,2043.4,1365.0,2789095.0,1365.0,12.6,9.2,0.596,1251342,0.2793334609778757,F_D_WM_WW
F_D_WM_WW_0569,4752.3,2038.9,1387.3,2828546.0,1387.3,11.3,9.2,0.612,1251342,0.2646840317308523,F_D_WM_WW
F_D_WM_WW_0570,4972.5,2015.0,1589.3,3202374.0,1589.3,12.5,6.9,0.47,1251342,0.27616297677118,F_D_WM_WW
F_D_WM_WW_0571,5170.0,2017.8,1729.4,3489551.0,1729.4,13.8,7.9,0.482,1251342,0.2776743383456871,F_D_WM_WW
F_D_WM_WW_0572,5190.9,2021.9,1697.5,3432149.0,1697.5,12.3,7.6,0.488,1251342,0.2864736960386747,F_D_WM_WW
F_D_WM_WW_0573,5106.8,2043.2,1519.4,3104300.0,1519.4,14.1,8.4,0.578,1251342,0.2878982146604203,F_D_WM_WW
F_D_WM_WW_0574,5192.0,2026.4,1654.2,3352093.0,1654.2,14.0,7.0,0.516,1251342,0.2850802208048855,F_D_WM_WW
F_D_WM_WW_0575,5106.2,2016.3,1681.6,3390593.0,1681.6,14.0,7.4,0.471,1251342,0.2980272772764947,F_D_WM_WW
F_D_WM_WW_0576,5038.3,2038.0,1466.6,2988886.0,1466.6,14.3,8.4,0.572,1251342,0.2695040137499394,F_D_WM_WW
F_D_WM_WW_0577,4954.2,2015.5,1611.2,3247373.0,1611.2,13.1,7.1,0.474,1251342,0.2772722156914064,F_D_WM_WW
F_D_WM_WW_0578,5070.7,2030.6,1570.7,3189330.0,1570.7,13.8,7.8,0.532,1251342,0.2831016517459895,F_D_WM_WW
F_D_WM_WW_0579,4792.3,2018.8,1514.6,3057562.0,1514.6,11.2,7.0,0.497,1251342,0.2556504592965285,F_D_WM_WW
F_D_WM_WW_0580,4742.9,2040.4,1379.5,2814809.0,1379.5,11.2,9.1,0.608,1251342,0.2784563660794558,F_D_WM_WW
F_D_WM_WW_0581,4943.2,2021.7,1545.1,3123712.0,1545.1,12.6,7.8,0.503,1251342,0.2649840488953762,F_D_WM_WW
F_D_WM_WW_0582,5107.7,2027.4,1592.3,3228275.0,1592.3,14.8,8.0,0.564,1251342,0.2853906806947013,F_D_WM_WW
F_D_WM_WW_0583,5014.4,2030.4,1548.7,3144535.0,1548.7,13.8,8.3,0.575,1251342,0.2699107508711358,F_D_WM_WW
F_D_WM_WW_0584,5111.5,2042.1,1528.2,3120640.0,1528.2,14.7,8.2,0.583,1251342,0.2825656585757164,F_D_WM_WW
F_D_WM_WW_0585,5193.7,2015.6,1742.6,3512418.0,1742.6,13.2,7.8,0.476,1251342,0.284296770892769,F_D_WM_WW
F_D_WM_WW_0586,5121.2,2036.4,1557.9,3172493.0,1557.9,14.2,7.6,0.559,1251342,0.2914723524147935,F_D_WM_WW
F_D_WM_WW_0587,5056.8,2028.5,1583.0,3211076.0,1583.0,14.6,8.1,0.533,1251342,0.27596356026641,F_D_WM_WW
F_D_WM_WW_0588,4781.4,2025.6,1466.0,2969540.0,1466.0,10.9,7.7,0.53,1251342,0.2616959145762237,F_D_WM_WW
F_D_WM_WW_0589,5012.0,2035.4,1516.9,3087336.0,1516.9,15.1,8.0,0.586,1251342,0.2695031514645664,F_D_WM_WW
F_D_WM_WW_0590,5132.1,2025.0,1673.9,3389658.0,1673.9,13.9,7.3,0.518,1251342,0.2773841933681047,F_D_WM_WW
F_D_WM_WW_0591,4764.1,2016.0,1550.5,3125768.0,1550.5,10.4,6.6,0.482,1251342,0.2668544117398194,F_D_WM_WW
F_D_WM_WW_0592,5114.8,2026.0,1625.0,3292372.0,1625.0,14.3,8.0,0.521,1251342,0.2741937525426333,F_D_WM_WW
F_D_WM_WW_0593,4824.9,2014.3,1551.5,3125068.0,1551.5,10.4,6.7,0.474,1251342,0.2724284807056805,F_D_WM_WW
F_D_WM_WW_0594,5131.9,2031.2,1594.0,3237765.0,1594.0,13.9,7.4,0.569,1251342,0.2838716572343633,F_D_WM_WW
F_D_WM_WW_0595,4996.0,2029.9,1540.0,3125952.0,1540.0,13.3,8.7,0.57,1251342,0.2755259674576844,F_D_WM_WW
F_D_WM_WW_0596,4922.8,2033.3,1415.5,2878024.0,1415.5,11.9,8.9,0.576,1251342,0.2722551577456449,F_D_WM_WW
F_D_WM_WW_0597,4890.4,2025.9,1495.2,3029144.0,1495.2,12.9,8.2,0.526,1251342,0.2510330951052621,F_D_WM_WW
F_D_WM_WW_0598,5161.9,2039.5,1564.9,3191620.0,1564.9,14.4,7.7,0.569,1251342,0.2923511160480062,F_D_WM_WW
F_D_WM_WW_0599,5018.8,2033.1,1531.8,3114183.0,1531.8,13.7,7.9,0.581,1251342,0.2755038516894242,F_D_WM_WW
F_D_WM_WW_0600,4930.1,2023.1,1526.0,3087338.0,1526.0,12.6,7.8,0.507,1251342,0.2629656272462116,F_D_WM_WW
F_D_WM_WW_0601,4926.4,2042.3,1368.8,2795520.0,1368.8,12.7,9.2,0.593,1251342,0.2762673120298345,F_D_WM_WW
F_D_WM_WW_0602,5019.7,2037.6,1495.5,3047287.0,1495.5,14.3,7.7,0.583,1251342,0.2791918501032428,F_D_WM_WW
F_D_WM_WW_0604,4785.6,2042.4,1369.8,2797729.0,1369.8,11.5,9.1,0.614,1251342,0.2728113150384373,F_D_WM_WW
F_D_WM_WW_0605,4748.5,2022.4,1488.3,3010044.0,1488.3,10.0,7.5,0.521,1251342,0.2725745177350606,F_D_WM_WW
F_D_WM_WW_0606,4792.7,2028.9,1444.6,2930914.0,1444.6,11.0,8.1,0.53,1251342,0.265196760397818,F_D_WM_WW
F_D_WM_WW_0607,5135.5,2036.4,1547.3,3151000.0,1547.3,15.1,7.3,0.577,1251342,0.3033939137211277,F_D_WM_WW
F_S_WWC_WM_0378,4770.3,982.8,1222.0,1201019.0,1222.0,7.2,4.8,0.513,1527330,0.2587522192691029,F_S_WWC_WM
F_S_WWC_WM_0379,4941.5,942.4,1325.4,1248991.0,1323.5,11.3,3.0,0.493,1527330,0.2268730353122923,F_S_WWC_WM
F_S_WWC_WM_0380,4630.1,1031.3,1253.8,1293120.0,1253.8,10.8,4.0,0.51,1527330,0.2737261951461794,F_S_WWC_WM
F_S_WWC_WM_0381,4771.1,1111.9,1342.1,1492288.0,1342.1,13.9,0.1,0.478,1527330,0.2780284025215947,F_S_WWC_WM
F_S_WWC_WM_0382,4898.4,1037.0,1347.1,1396869.0,1347.1,13.2,0.0,0.457,1527330,0.2497207103588039,F_S_WWC_WM
F_S_WWC_WM_0383,4756.1,1145.1,1306.7,1496274.0,1306.7,14.0,5.2,0.503,1527330,0.2827940668172757,F_S_WWC_WM
F_S_WWC_WM_0384,4780.3,1064.1,1341.4,1427332.0,1341.4,14.0,0.0,0.482,1527330,0.2625106893521595,F_S_WWC_WM
F_S_WWC_WM_0385,4556.1,1017.3,1214.3,1235232.0,1214.3,8.4,5.4,0.544,1527330,0.2341549179966777,F_S_WWC_WM
F_S_WWC_WM_0386,4800.9,1096.6,1227.8,1346484.0,1227.8,9.3,4.7,0.53,1527330,0.2137176402624584,F_S_WWC_WM
F_S_WWC_WM_0387,4822.7,994.9,1298.6,1292078.0,1298.6,12.3,5.4,0.482,1527330,0.250580365744186,F_S_WWC_WM
F_S_WWC_WM_0388,4693.1,1119.3,1304.3,1459926.0,1304.3,13.7,5.1,0.487,1527330,0.2496429674152823,F_S_WWC_WM
F_S_WWC_WM_0389,4472.6,991.2,1313.8,1302199.0,1313.8,12.9,5.7,0.482,1527330,0.2496299763687707,F_S_WWC_WM
F_S_WWC_WM_0390,4437.5,1061.1,1291.2,1370184.0,1291.2,12.0,5.2,0.532,1527330,0.2417974423488371,F_S_WWC_WM
F_S_WWC_WM_0391,4860.0,1080.0,1297.1,1400782.0,1296.6,10.7,5.1,0.49,1527330,0.2895760202990033,F_S_WWC_WM
F_S_WWC_WM_0392,4779.6,1143.6,1218.6,1393505.0,1218.6,7.7,4.9,0.498,1527330,0.2241978316013289,F_S_WWC_WM
F_S_WWC_WM_0393,4887.2,969.4,1241.0,1203057.0,1241.0,9.5,4.1,0.515,1527330,0.2226148216644518,F_S_WWC_WM
F_S_WWC_WM_0394,4649.6,1075.0,1240.1,1333065.0,1240.1,10.4,4.6,0.517,1527330,0.2489899974784052,F_S_WWC_WM
F_S_WWC_WM_0395,4643.9,1072.1,1324.2,1419639.0,1324.1,14.0,4.9,0.469,1527330,0.2749062269734219,F_S_WWC_WM
F_S_WWC_WM_0396,4963.9,1112.6,1252.5,1393461.0,1252.5,10.7,3.8,0.49,1527330,0.2557003586810631,F_S_WWC_WM
F_S_WWC_WM_0397,5134.5,1000.6,1315.3,1316084.0,1315.3,12.2,4.6,0.473,1527330,0.2251634379800664,F_S_WWC_WM
F_S_WWC_WM_0399,4711.4,972.6,1254.9,1220484.0,1254.9,11.0,3.8,0.533,1527330,0.2451369343455149,F_S_WWC_WM
F_S_WWC_WM_0400,4767.8,1147.6,1327.1,1522973.0,1327.1,12.2,4.4,0.503,1527330,0.254270142192691,F_S_WWC_WM
F_S_WWC_WM_0401,4538.1,1117.7,1241.3,1387494.0,1241.3,11.0,4.9,0.546,1527330,0.2847172421528239,F_S_WWC_WM
F_S_WWC_WM_0402,4737.8,1062.9,1216.8,1293375.0,1216.8,8.9,7.4,0.531,1527330,0.2488679885946844,F_S_WWC_WM
F_S_WWC_WM_0403,5017.1,1059.9,1253.3,1328370.0,1253.3,10.2,3.8,0.502,1527330,0.2321816833289036,F_S_WWC_WM
F_S_WWC_WM_0404,4885.2,1083.7,1268.9,1375015.0,1268.9,10.7,4.3,0.501,1527330,0.2617096638704319,F_S_WWC_WM
F_S_WWC_WM_0405,4717.9,1180.7,1244.5,1469416.0,1244.5,11.4,5.4,0.502,1527330,0.2125141519401993,F_S_WWC_WM
F_S_WWC_WM_0406,4785.8,1072.6,1242.2,1332346.0,1242.2,9.9,5.1,0.539,1527330,0.2410477956877076,F_S_WWC_WM
F_S_WWC_WM_0407,4941.3,1150.9,1240.9,1428142.0,1240.9,8.5,4.1,0.527,1527330,0.2009275004451827,F_S_WWC_WM
F_S_WWC_WM_0408,4844.5,988.4,1236.5,1222236.0,1236.5,9.6,4.3,0.499,1527330,0.2588609601561462,F_S_WWC_WM
F_S_WWC_WM_0409,4703.4,1123.3,1280.5,1438384.0,1280.5,12.7,5.5,0.498,1527330,0.2530302538139535,F_S_WWC_WM
F_S_WWC_WM_0410,4660.9,1115.3,1349.3,1504940.0,1349.3,14.1,0.2,0.496,1527330,0.2281834932591362,F_S_WWC_WM
F_S_WWC_WM_0411,4569.6,1146.4,1264.3,1449336.0,1264.3,12.2,3.9,0.502,1527330,0.2331406272358804,F_S_WWC_WM
F_S_WWC_WM_0412,5100.4,1098.1,1348.6,1480951.0,1348.6,11.4,0.0,0.46,1527330,0.2732280291262458,F_S_WWC_WM
F_S_WWC_WM_0413,5045.6,1094.7,1219.9,1335481.0,1219.9,7.4,6.1,0.524,1527330,0.2316503732225913,F_S_WWC_WM
F_S_WWC_WM_0414,4791.2,996.7,1225.5,1221401.0,1225.5,8.4,4.8,0.51,1527330,0.257396653013289,F_S_WWC_WM
F_S_WWC_WM_0415,4741.4,1134.7,1336.3,1516292.0,1336.3,14.4,5.3,0.484,1527330,0.2330285696478405,F_S_WWC_WM
F_S_WWC_WM_0416,4722.9,1076.9,1342.7,1445985.0,1342.6,14.1,0.0,0.462,1527330,0.2507460738737541,F_S_WWC_WM
F_S_WWC_WM_0417,4757.8,1021.0,1251.9,1278161.0,1251.9,8.1,5.6,0.501,1527330,0.2510976558504983,F_S_WWC_WM
F_S_WWC_WM_0418,4800.2,970.4,1271.2,1233665.0,1271.2,10.7,5.1,0.508,1527330,0.2347296746445182,F_S_WWC_WM
F_S_WWC_WM_0419,4552.3,1012.6,1279.1,1295207.0,1279.1,12.9,4.4,0.515,1527330,0.22405227910299,F_S_WWC_WM
F_S_WWC_WM_0420,4875.0,1032.2,1239.8,1279698.0,1239.8,10.0,4.3,0.514,1527330,0.2620197190764119,F_S_WWC_WM
F_S_WWC_WM_0421,4951.5,1021.7,1218.0,1244450.0,1218.0,7.9,4.7,0.51,1527330,0.2439934930797342,F_S_WWC_WM
F_S_WWC_WM_0422,4523.0,1057.2,1285.3,1358807.0,1285.3,12.0,4.8,0.488,1527330,0.2592292100498339,F_S_WWC_WM
F_S_WWC_WM_0423,4669.8,971.8,1303.4,1266577.0,1303.4,13.4,5.5,0.493,1527330,0.2297227138671096,F_S_WWC_WM
F_S_WWC_WM_0424,4776.1,1161.3,1328.1,1542309.0,1328.1,14.2,4.5,0.496,1527330,0.2744965792059801,F_S_WWC_WM
F_S_WWC_WM_0465,4719.1,984.1,1230.4,1210853.0,1230.4,9.0,4.7,0.499,1527330,0.2782802859069768,F_S_WWC_WM
F_S_WWC_WM_0466,4788.8,1045.2,1333.9,1394134.0,1333.9,13.4,4.2,0.466,1527330,0.2379906131860465,F_S_WWC_WM
F_S_WWC_WM_0467,4737.2,964.1,1253.3,1208378.0,1253.3,11.7,4.2,0.523,1527330,0.2441131853654484,F_S_WWC_WM
F_S_WWC_WM_0468,5034.2,1014.2,1317.8,1336418.0,1317.8,12.6,4.7,0.473,1527330,0.2210024394850498,F_S_WWC_WM
F_S_WWC_WM_0469,4772.4,965.9,1243.2,1200873.0,1243.2,10.9,6.5,0.537,1527330,0.2493369484750831,F_S_WWC_WM
F_S_WWC_WM_0470,4700.5,1120.1,1223.1,1370024.0,1223.1,8.1,5.0,0.503,1527330,0.2463402089401993,F_S_WWC_WM
F_S_WWC_WM_0471,4616.5,1081.0,1298.4,1403568.0,1298.4,12.5,5.2,0.488,1527330,0.2483274593455149,F_S_WWC_WM
F_S_WWC_WM_0472,4993.4,1021.5,1308.1,1336196.0,1308.1,11.8,4.9,0.48,1527330,0.2593570623089701,F_S_WWC_WM
F_S_WWC_WM_0473,4560.2,1040.9,1294.1,1347102.0,1294.1,14.0,6.8,0.503,1527330,0.2389128982225913,F_S_WWC_WM
F_S_WWC_WM_0474,4935.1,1072.5,1330.9,1427426.0,1330.9,13.4,5.2,0.484,1527330,0.2460453145913621,F_S_WWC_WM
F_S_WWC_WM_0475,4949.9,989.5,1240.1,1227023.0,1240.1,9.7,4.3,0.518,1527330,0.2301281771196013,F_S_WWC_WM
F_S_WWC_WM_0476,4987.7,1085.9,1297.0,1408398.0,1297.0,11.8,2.7,0.493,1527330,0.2194893311262458,F_S_WWC_WM
F_S_WWC_WM_0477,5050.2,1070.0,1310.9,1402609.0,1310.9,13.3,4.9,0.497,1527330,0.2312370809202658,F_S_WWC_WM
F_S_WWC_WM_0478,5021.7,1070.4,1270.1,1359447.0,1270.1,10.7,4.5,0.489,1527330,0.2281252844451827,F_S_WWC_WM
F_S_WWC_WM_0479,4797.6,949.1,1223.6,1161370.0,1223.6,10.0,4.5,0.514,1527330,0.2834299479568106,F_S_WWC_WM
F_S_WWC_WM_0480,4974.3,976.2,1346.6,1314620.0,1345.9,11.5,0.0,0.469,1527330,0.2746713096976744,F_S_WWC_WM
F_S_WWC_WM_0481,4833.7,1049.1,1256.1,1317812.0,1256.1,10.1,5.0,0.509,1527330,0.2443737049933555,F_S_WWC_WM
F_S_WWC_WM_0482,4845.9,1122.7,1360.1,1526953.0,1359.4,15.2,0.0,0.462,1527330,0.222848511923588,F_S_WWC_WM
F_S_WWC_WM_0483,4927.4,1069.5,1283.1,1372248.0,1283.1,11.6,5.8,0.51,1527330,0.235363554116279,F_S_WWC_WM
F_S_WWC_WM_0484,4772.3,1085.8,1308.4,1420666.0,1308.1,12.0,4.9,0.501,1527330,0.258866131461794,F_S_WWC_WM
F_S_WWC_WM_0485,4726.6,976.4,1252.7,1223167.0,1252.7,11.1,4.3,0.512,1527330,0.2457786935913621,F_S_WWC_WM
F_S_WWC_WM_0486,4740.4,1013.3,1284.3,1301297.0,1284.3,11.9,5.2,0.5,1527330,0.2557286048139535,F_S_WWC_WM
F_S_WWC_WM_0488,4655.5,986.8,1328.2,1310748.0,1328.2,12.6,4.6,0.506,1527330,0.2436506969401993,F_S_WWC_WM
F_S_WWC_WM_0489,4921.9,1147.3,1259.5,1445013.0,1259.5,11.0,2.7,0.519,1527330,0.23589074310299,F_S_WWC_WM
F_S_WWC_WM_0490,4779.6,1123.7,1237.2,1390249.0,1237.2,9.7,4.3,0.53,1527330,0.2611920997840531,F_S_WWC_WM
F_S_WWC_WM_0491,4656.3,1024.6,1238.2,1268707.0,1238.2,9.9,4.7,0.507,1527330,0.2606056399435216,F_S_WWC_WM
F_S_WWC_WM_0492,4735.7,987.0,1330.5,1313134.0,1330.5,12.4,4.5,0.472,1527330,0.2341237034418604,F_S_WWC_WM
F_S_WWC_WM_0493,4956.1,1009.2,1309.2,1321159.0,1309.0,12.3,5.2,0.478,1527330,0.2697799420365448,F_S_WWC_WM
F_S_WWC_WM_0494,4884.0,1010.9,1281.7,1295619.0,1281.7,11.5,4.8,0.497,1527330,0.2519798358704319,F_S_WWC_WM
F_S_WWC_WM_0495,4896.9,1109.8,1249.6,1386780.0,1249.6,10.6,4.1,0.521,1527330,0.2443368627940199,F_S_WWC_WM
F_S_WWC_WM_0496,4689.3,1121.1,1229.0,1377743.0,1229.0,9.6,6.7,0.549,1527330,0.227064781461794,F_S_WWC_WM
F_S_WWC_WM_0497,4801.9,1070.9,1324.3,1418215.0,1324.3,12.4,5.4,0.501,1527330,0.2167276056345515,F_S_WWC_WM
F_S_WWC_WM_0498,4868.4,954.5,1287.2,1228691.0,1287.2,10.7,5.3,0.47,1527330,0.2406328490299003,F_S_WWC_WM
F_S_WWC_WM_0499,4939.3,985.5,1325.7,1306514.0,1325.7,13.2,4.3,0.478,1527330,0.2340873480531561,F_S_WWC_WM
F_S_WWC_WM_0500,5037.3,1098.5,1247.0,1369734.0,1247.0,9.7,4.2,0.493,1527330,0.2478160123687707,F_S_WWC_WM
F_S_WWC_WM_0501,4890.4,1089.1,1296.2,1411626.0,1296.2,12.8,5.1,0.492,1527330,0.2261557020830564,F_S_WWC_WM
F_S_WWC_WM_0502,4925.7,994.3,1306.8,1299303.0,1306.8,7.2,5.7,0.465,1527330,0.2687636819966777,F_S_WWC_WM
F_S_WWC_WM_0503,4607.5,1003.1,1229.7,1233571.0,1229.7,9.1,4.6,0.518,1527330,0.2586269019136212,F_S_WWC_WM
F_S_WWC_WM_0504,4604.7,1039.6,1344.2,1397433.0,1344.2,15.3,4.3,0.492,1527330,0.2546159978837209,F_S_WWC_WM
F_S_WWC_WM_0505,4955.1,1072.0,1245.3,1334983.0,1245.2,10.2,4.2,0.503,1527330,0.2519195361561461,F_S_WWC_WM
F_S_WWC_WM_0506,4672.6,939.3,1250.1,1174148.0,1250.1,11.2,4.5,0.491,1527330,0.261570014717608,F_S_WWC_WM
F_S_WWC_WM_0507,4671.7,1154.7,1274.9,1472116.0,1274.7,11.7,5.3,0.5,1527330,0.2321115322956811,F_S_WWC_WM
F_S_WWC_WM_0508,5016.9,961.8,1305.0,1255225.0,1305.0,11.7,4.7,0.476,1527330,0.206400395461794,F_S_WWC_WM
F_S_WWC_WM_0509,4902.4,1095.9,1324.4,1451374.0,1323.6,12.9,4.4,0.492,1527330,0.248905958627907,F_S_WWC_WM
F_S_WWC_WM_0510,4769.3,1150.9,1277.8,1470626.0,1277.8,11.4,4.7,0.499,1527330,0.2478438094485049,F_S_WWC_WM
F_S_WWC_WM_0511,4828.8,1081.9,1322.0,1430372.0,1322.0,14.8,0.0,0.467,1527330,0.2442392350431893,F_S_WWC_WM
F_S_WWC_WM_0512,4762.7,940.2,1318.9,1240015.0,1318.9,13.5,4.9,0.471,1527330,0.2518951099401993,F_S_WWC_WM
F_S_WWC_WM_0513,4788.4,1098.1,1261.2,1384948.0,1261.2,12.0,3.9,0.513,1527330,0.2669537026378737,F_S_WWC_WM
F_S_WWC_WM_0514,4950.9,1016.4,1240.3,1260635.0,1240.3,9.4,4.0,0.516,1527330,0.217484946820598,F_S_WWC_WM
F_S_WWC_WM_0515,4916.1,1115.4,1244.1,1387633.0,1244.1,10.4,4.0,0.511,1527330,0.235495892667774,F_S_WWC_WM
F_S_WWC_WM_0516,4540.3,1138.0,1311.7,1492674.0,1311.6,15.1,5.1,0.508,1527330,0.2411244074518272,F_S_WWC_WM
F_S_WWC_WM_0517,4591.0,1083.1,1285.9,1392691.0,1285.9,7.3,5.2,0.497,1527330,0.2763595513986711,F_S_WWC_WM
F_S_WWC_WM_0519,4684.9,1136.0,1283.5,1458105.0,1283.5,11.0,4.9,0.484,1527330,0.2387939746910299,F_S_WWC_WM
F_S_WWC_WM_0520,4646.4,978.7,1332.9,1304506.0,1332.9,14.1,4.9,0.491,1527330,0.2667347986843854,F_S_WWC_WM
F_S_WWC_WM_0521,5151.6,1117.0,1217.3,1359710.0,1217.3,7.0,4.5,0.503,1527330,0.232036134923588,F_S_WWC_WM
F_S_WWC_WM_0522,4738.6,1033.1,1314.4,1357936.0,1314.4,11.9,4.8,0.479,1527330,0.2558283630730896,F_S_WWC_WM
F_S_WWC_WM_0523,4517.2,1070.1,1307.4,1399092.0,1307.4,13.7,5.6,0.505,1527330,0.2597406902524917,F_S_WWC_WM
F_S_WWC_WM_0524,4797.0,951.0,1231.8,1171391.0,1231.7,10.9,4.5,0.524,1527330,0.2718289305149501,F_S_WWC_WM
F_S_WWC_WM_0525,4782.7,1048.0,1220.1,1278629.0,1220.1,8.2,4.9,0.502,1527330,0.2416612400697674,F_S_WWC_WM
F_S_WWC_WM_0526,4527.7,1036.4,1230.5,1275304.0,1230.5,8.5,7.7,0.527,1527330,0.2119404397840531,F_S_WWC_WM
F_S_WWC_WM_0527,5079.0,1029.0,1236.7,1272543.0,1236.7,8.0,4.2,0.519,1527330,0.2579029131495017,F_S_WWC_WM
F_S_WWC_WM_0528,4759.7,1003.5,1239.8,1244105.0,1239.8,9.1,4.4,0.552,1527330,0.245854381295681,F_S_WWC_WM
F_S_WWC_WM_0529,4688.6,1054.1,1310.9,1381756.0,1310.9,13.3,4.9,0.494,1527330,0.248919548654485,F_S_WWC_WM
F_S_WWC_WM_0530,4870.5,1082.8,1345.9,1457352.0,1345.7,11.5,0.0,0.479,1527330,0.2224111552225913,F_S_WWC_WM
F_S_WWC_WM_0531,4782.0,965.0,1268.0,1223662.0,1268.0,11.6,4.0,0.486,1527330,0.2795033309700996,F_S_WWC_WM
F_S_WWC_WM_0532,4953.5,1011.6,1238.5,1252884.0,1238.5,9.2,4.1,0.504,1527330,0.2471565870332226,F_S_WWC_WM
F_S_WWC_WM_0533,4672.9,1045.1,1274.2,1331708.0,1274.2,8.7,3.4,0.498,1527330,0.2362791865149502,F_S_WWC_WM
F_S_WWC_WM_0534,4768.5,1009.6,1312.6,1325223.0,1311.6,13.3,4.6,0.497,1527330,0.2884566146179402,F_S_WWC_WM
F_S_WWC_WM_0535,4447.8,984.8,1229.3,1210620.0,1229.3,10.2,5.2,0.552,1527330,0.213229701026578,F_S_WWC_WM
F_S_WWC_WM_0536,4924.2,977.0,1309.9,1279757.0,1309.9,12.1,5.5,0.505,1527330,0.2377106204817275,F_S_WWC_WM
F_S_WWC_WM_0537,4902.5,1025.9,1337.1,1371641.0,1337.1,13.5,4.5,0.469,1527330,0.2658839335681063,F_S_WWC_WM
F_S_WWC_WM_0538,4757.8,977.2,1283.3,1253995.0,1283.3,11.1,4.9,0.51,1527330,0.2391615459966777,F_S_WWC_WM
F_S_WWC_WM_0539,4918.7,973.4,1283.9,1249824.0,1283.9,6.1,5.1,0.459,1527330,0.2550950107674419,F_S_WWC_WM
F_S_WWC_WM_0540,4832.1,1119.5,1300.9,1456358.0,1300.9,13.5,5.5,0.5,1527330,0.2300769187840531,F_S_WWC_WM
F_S_WWC_WM_0541,4837.6,950.8,1328.6,1263238.0,1328.6,12.8,0.8,0.512,1527330,0.2417641707607973,F_S_WWC_WM
F_S_WWC_WM_0542,4833.2,1099.7,1232.9,1355846.0,1232.9,10.6,4.3,0.519,1527330,0.2263650836644518,F_S_WWC_WM
F_S_WWC_WM_0543,4895.8,1118.8,1267.2,1417754.0,1267.2,11.3,4.5,0.498,1527330,0.2229158520930232,F_S_WWC_WM
F_S_WWC_WM_0544,4643.4,1124.8,1266.1,1424011.0,1266.1,11.0,3.9,0.523,1527330,0.2353419748372093,F_S_WWC_WM
F_S_WWC_WM_0545,4538.0,1122.6,1258.0,1412128.0,1258.0,11.0,4.7,0.541,1527330,0.2421729976843853,F_S_WWC_WM
F_S_WWC_WM_0546,4893.9,988.8,1218.8,1205125.0,1218.8,8.0,4.9,0.507,1527330,0.2450736811461794,F_S_WWC_WM
F_S_WWC_WM_0547,4972.5,1075.5,1353.0,1455160.0,1352.4,13.0,0.0,0.46,1527330,0.2182150590730897,F_S_WWC_WM
F_S_WWC_WM_0548,4799.8,1061.1,1354.2,1436915.0,1354.2,14.9,0.7,0.48,1527330,0.2433920103521595,F_S_WWC_WM
F_S_WWC_WM_0549,4738.2,989.2,1243.8,1230333.0,1243.8,8.3,4.1,0.52,1527330,0.2715142780431893,F_S_WWC_WM
F_S_WWC_WM_0550,4503.7,1119.4,1265.4,1416545.0,1265.4,11.9,4.2,0.515,1527330,0.2887102839700997,F_S_WWC_WM
F_S_WWC_WM_0551,4966.6,1163.0,1271.6,1478850.0,1271.6,12.1,4.2,0.508,1527330,0.2601703980166113,F_S_WWC_WM
F_S_WWC_WM_0552,4895.9,1076.0,1242.2,1336549.0,1242.2,9.2,4.2,0.494,1527330,0.2810839162657808,F_S_WWC_WM
F_S_WWC_WM_0553,4738.8,930.6,1215.6,1131221.0,1215.6,8.6,5.0,0.537,1527330,0.232416690385382,F_S_WWC_WM
F_S_WWC_WM_0554,4729.0,1099.6,1231.4,1354122.0,1231.4,9.3,7.0,0.532,1527330,0.2328644693588039,F_S_WWC_WM
F_S_WWC_WM_0555,4792.1,1080.1,1311.8,1416767.0,1311.8,12.6,5.6,0.475,1527330,0.2307113018106312,F_S_WWC_WM
F_S_WWC_WM_0556,4759.6,1150.8,1343.2,1545772.0,1343.2,12.9,0.0,0.465,1527330,0.2296786182126245,F_S_WWC_WM
F_S_WWC_WM_0557,4505.2,1059.5,1252.1,1326581.0,1252.1,11.6,4.6,0.518,1527330,0.2653107388737541,F_S_WWC_WM
F_S_WWC_WM_0558,4702.9,1015.1,1281.4,1300719.0,1281.4,13.2,4.8,0.5,1527330,0.2603464323255814,F_S_WWC_WM
F_S_WWC_WM_0559,4742.9,1101.5,1257.2,1384834.0,1257.2,11.9,5.8,0.502,1527330,0.2230262575083056,F_S_WWC_WM
F_S_WWC_WM_0560,4852.8,1035.1,1323.8,1370308.0,1323.8,13.7,4.9,0.483,1527330,0.2103616737641196,F_S_WWC_WM
F_S_WWC_WM_0561,4625.0,1138.7,1283.6,1461643.0,1283.6,12.3,4.7,0.491,1527330,0.2778124837009966,F_S_WWC_WM
F_S_WWC_WM_0562,4901.5,1164.6,1325.1,1543164.0,1325.1,14.1,4.3,0.47,1527330,0.2252597403521594,F_S_WWC_WM
F_S_WWC_WM_0563,4754.2,1132.1,1228.1,1390343.0,1228.1,9.1,4.6,0.509,1527330,0.2410259397641196,F_S_WWC_WM
F_S_WWC_WM_0564,4911.7,1067.5,1353.0,1444317.0,1352.4,13.6,0.0,0.45,1527330,0.2491903460465116,F_S_WWC_WM
F_S_WWC_WM_0565,4739.4,938.2,1272.4,1193782.0,1272.4,13.0,5.4,0.498,1527330,0.2507010198737542,F_S_WWC_WM
F_S_WWC_WM_0566,4727.6,1009.1,1218.3,1229392.0,1218.3,8.1,5.1,0.518,1527330,0.2609324374219269,F_S_WWC_WM
F_S_WWC_WM_0567,4952.9,1007.5,1303.6,1313387.0,1303.6,11.9,4.6,0.458,1527330,0.227198907076412,F_S_WWC_WM
F_S_WWC_WM_0568,4965.8,1049.6,1272.4,1335583.0,1272.4,12.0,4.5,0.505,1527330,0.23322267320598,F_S_WWC_WM
F_S_WWC_WM_0569,4648.9,976.9,1293.6,1263712.0,1293.6,12.2,5.4,0.508,1527330,0.2492760259468438,F_S_WWC_WM
F_S_WWC_WM_0570,5083.7,1070.6,1227.4,1314063.0,1227.4,8.0,6.3,0.517,1527330,0.2315167007043189,F_S_WWC_WM
F_S_WWC_WM_0571,4610.4,1118.0,1327.2,1483864.0,1327.2,14.1,5.0,0.476,1527330,0.2700028816611295,F_S_WWC_WM
F_S_WWC_WM_0572,4798.9,1077.0,1288.1,1387267.0,1288.1,12.1,5.1,0.496,1527330,0.2686541874518272,F_S_WWC_WM
F_S_WWC_WM_0573,4611.9,958.6,1257.0,1204989.0,1257.0,11.8,3.9,0.531,1527330,0.2400655746245847,F_S_WWC_WM
F_S_WWC_WM_0574,5080.3,1093.5,1255.2,1372564.0,1255.2,12.3,3.8,0.503,1527330,0.2124056292591362,F_S_WWC_WM
F_S_WWC_WM_0575,4942.8,1031.2,1309.7,1350510.0,1309.7,12.3,4.9,0.489,1527330,0.2398526529568106,F_S_WWC_WM
F_S_WWC_WM_0576,4934.1,975.6,1304.2,1272379.0,1304.2,11.8,6.0,0.486,1527330,0.2720642364584718,F_S_WWC_WM
F_S_WWC_WM_0577,4684.4,1149.2,1253.2,1440162.0,1253.2,10.3,4.0,0.509,1527330,0.2281096830863787,F_S_WWC_WM
F_S_WWC_WM_0578,4796.9,991.6,1296.1,1285130.0,1296.1,14.3,5.3,0.5,1527330,0.246582444654485,F_S_WWC_WM
F_S_WWC_WM_0579,4652.0,1043.9,1213.8,1267059.0,1213.8,7.2,5.4,0.531,1527330,0.2517649077973422,F_S_WWC_WM
F_S_WWC_WM_0580,4754.8,1145.4,1256.3,1438966.0,1256.3,10.1,4.9,0.522,1527330,0.2859139703322259,F_S_WWC_WM
F_S_WWC_WM_0581,4989.4,1090.2,1321.9,1441128.0,1321.9,12.0,4.1,0.464,1527330,0.2169493898073089,F_S_WWC_WM
F_S_WWC_WM_0582,4809.3,1006.6,1227.6,1235728.0,1227.6,9.3,4.7,0.515,1527330,0.2285341109634551,F_S_WWC_WM
F_S_WWC_WM_0583,4402.6,1095.2,1283.8,1406035.0,1283.8,13.5,4.8,0.506,1527330,0.2664833255348837,F_S_WWC_WM
F_S_WWC_WM_0584,4796.2,1128.9,1296.0,1463056.0,1296.0,12.6,5.5,0.475,1527330,0.2370442849667774,F_S_WWC_WM
F_S_WWC_WM_0585,4835.8,1075.8,1301.4,1400123.0,1300.7,14.0,4.9,0.474,1527330,0.2230535650598006,F_S_WWC_WM
F_S_WWC_WM_0586,4828.0,1067.5,1300.2,1387949.0,1300.2,12.7,4.9,0.482,1527330,0.2297551745548172,F_S_WWC_WM
F_S_WWC_WM_0587,4701.2,1050.3,1342.5,1409971.0,1342.5,12.8,1.1,0.498,1527330,0.2440208687607973,F_S_WWC_WM
F_S_WWC_WM_0588,4938.4,1096.1,1316.3,1442742.0,1316.3,11.3,5.1,0.464,1527330,0.2419022538106312,F_S_WWC_WM
F_S_WWC_WM_0589,4896.6,1018.5,1236.5,1259358.0,1236.5,9.3,4.3,0.503,1527330,0.2331022461528239,F_S_WWC_WM
F_S_WWC_WM_0590,4608.2,1145.7,1234.2,1414025.0,1234.2,9.9,4.6,0.517,1527330,0.2567326926179402,F_S_WWC_WM
F_S_WWC_WM_0591,4840.5,975.0,1289.5,1257224.0,1289.5,10.2,5.2,0.52,1527330,0.2177828879069767,F_S_WWC_WM
F_S_WWC_WM_0592,4613.1,1024.0,1239.4,1269106.0,1239.4,10.5,5.0,0.516,1527330,0.2565304013521595,F_S_WWC_WM
F_S_WWC_WM_0593,4811.2,966.0,1288.1,1244352.0,1288.1,13.2,5.3,0.483,1527330,0.2250285324983388,F_S_WWC_WM
F_S_WWC_WM_0594,4753.0,1163.0,1314.6,1528833.0,1314.6,7.7,5.7,0.47,1527330,0.2529267064219269,F_S_WWC_WM
F_S_WWC_WM_0595,4834.4,1094.0,1281.8,1402281.0,1281.8,11.1,5.9,0.494,1527330,0.2409278691362126,F_S_WWC_WM
F_S_WWC_WM_0596,4764.2,1029.9,1284.2,1322590.0,1284.2,11.6,5.2,0.517,1527330,0.2352603945581395,F_S_WWC_WM
F_S_WWC_WM_0597,4892.1,947.0,1297.1,1228352.0,1297.1,12.8,5.1,0.486,1527330,0.2279445290066445,F_S_WWC_WM
F_S_WWC_WM_0598,4530.2,970.1,1351.5,1311135.0,1351.2,15.7,0.0,0.474,1527330,0.2771527051129568,F_S_WWC_WM
F_S_WWC_WM_0599,4981.5,1094.9,1288.4,1410716.0,1288.3,12.2,5.0,0.477,1527330,0.2839713929302325,F_S_WWC_WM
F_S_WWC_WM_0600,4796.9,1101.9,1223.8,1348567.0,1223.8,5.7,3.3,0.527,1527330,0.2730061923222591,F_S_WWC_WM
F_S_WWC_WM_0601,4513.2,1103.8,1274.4,1406761.0,1274.4,13.3,4.9,0.522,1527330,0.2494743358106312,F_S_WWC_WM
F_S_WWC_WM_0602,4952.5,953.7,1262.1,1203715.0,1262.1,10.1,5.4,0.518,1527330,0.2457960978305647,F_S_WWC_WM
F_S_WWC_WM_0603,4935.0,1193.0,1279.6,1526517.0,1279.6,11.4,6.2,0.504,1527330,0.2220177757242525,F_S_WWC_WM
F_S_WWC_WM_0604,4884.4,1174.5,1302.7,1530057.0,1301.9,13.9,4.9,0.486,1527330,0.2598942467973422,F_S_WWC_WM
F_S_WWC_WM_0605,4782.0,1120.3,1306.5,1463687.0,1306.5,12.2,5.9,0.507,1527330,0.238901934461794,F_S_WWC_WM
F_S_WWC_WM_0606,5093.7,989.3,1213.9,1200944.0,1213.9,6.9,4.7,0.517,1527330,0.2517496185382059,F_S_WWC_WM
F_S_WWC_WM_0607,4844.4,950.4,1338.9,1272472.0,1338.9,13.3,0.0,0.46,1527330,0.242663036757475,F_S_WWC_WM
F_S_WWC_WM_0608,4902.5,1109.2,1238.8,1374125.0,1238.8,9.4,4.2,0.502,1527330,0.262561123730897,F_S_WWC_WM
F_S_WWC_WM_0609,4509.8,1107.4,1285.4,1423433.0,1285.4,12.3,5.4,0.503,1527330,0.2936665798106312,F_S_WWC_WM
F_S_WWC_WM_0610,4786.5,1084.6,1342.7,1456264.0,1342.7,13.7,4.2,0.484,1527330,0.257968294372093,F_S_WWC_WM
F_S_WWC_WM_0611,4587.8,1103.1,1233.1,1360295.0,1233.1,9.9,6.7,0.525,1527330,0.2485072033355481,F_S_WWC_WM
F_S_WWC_WM_0612,4935.8,1021.7,1260.8,1288191.0,1260.8,9.8,4.7,0.52,1527330,0.2110968101661129,F_S_WWC_WM
F_S_WWC_WM_0613,4884.8,1156.4,1231.6,1424280.0,1231.6,7.8,4.3,0.52,1527330,0.2394267159534884,F_S_WWC_WM
F_S_WWC_WM_0614,4591.0,1016.9,1291.5,1313369.0,1291.5,13.3,5.4,0.497,1527330,0.2477473606312292,F_S_WWC_WM
F_S_WWC_WM_0615,5054.7,1069.0,1243.7,1329602.0,1243.7,9.9,4.2,0.51,1527330,0.2443819796843853,F_S_WWC_WM
F_S_WWC_WM_0616,5071.6,1077.9,1328.2,1431579.0,1328.2,12.3,4.5,0.467,1527330,0.2453065538870432,F_S_WWC_WM
F_S_WWC_WM_0617,5033.0,1123.7,1226.0,1377578.0,1226.0,9.6,4.4,0.521,1527330,0.238663553654485,F_S_WWC_WM
F_S_WWC_WM_0618,4783.0,1119.5,1353.1,1514782.0,1350.5,12.5,0.0,0.467,1527330,0.263289088730897,F_S_WWC_WM
F_S_WWC_WM_0619,4788.0,997.1,1275.8,1272127.0,1275.5,12.4,5.4,0.509,1527330,0.2488544541362126,F_S_WWC_WM
F_S_WWC_WM_0620,4498.0,1035.5,1225.3,1268786.0,1225.3,8.1,5.0,0.545,1527330,0.2438774836910298,F_S_WWC_WM
F_S_WWC_WM_0621,4684.1,998.9,1240.8,1239473.0,1240.8,5.3,6.1,0.503,1527330,0.2592829413322259,F_S_WWC_WM
F_S_WWC_WM_0622,4886.2,1056.9,1325.3,1400719.0,1324.2,14.2,0.0,0.466,1527330,0.2824545551129568,F_S_WWC_WM
F_S_WWC_WM_0623,5028.7,1116.8,1250.9,1396962.0,1250.8,10.6,3.8,0.505,1527330,0.2621928583521595,F_S_WWC_WM
F_S_WWC_WM_0624,4810.7,1136.4,1229.7,1397495.0,1229.7,9.4,4.5,0.511,1527330,0.2239053617906977,F_S_WWC_WM
F_S_WWC_WM_0625,4730.5,1110.8,1272.3,1413281.0,1272.3,6.5,4.3,0.492,1527330,0.2303311151528239,F_S_WWC_WM
F_S_WWC_WM_0626,4923.0,1059.8,1355.1,1436121.0,1355.1,14.3,0.0,0.473,1527330,0.2843642726179402,F_S_WWC_WM
F_S_WWC_WM_0627,4934.6,982.9,1258.6,1237089.0,1258.6,11.2,4.3,0.502,1527330,0.228545882269103,F_S_WWC_WM
F_S_WWC_WM_0628,4568.5,1075.3,1334.1,1434566.0,1334.1,14.4,1.1,0.484,1527330,0.2520133834318937,F_S_WWC_WM
F_S_WWC_WM_0629,4959.0,1071.6,1330.9,1426137.0,1330.9,10.6,4.1,0.502,1527330,0.263973509667774,F_S_WWC_WM
F_S_WWC_WM_0630,4802.9,1132.5,1322.3,1497518.0,1322.3,12.1,5.0,0.461,1527330,0.2164896488803986,F_S_WWC_WM
F_S_WWC_WM_0631,4673.1,1021.7,1351.0,1380280.0,1351.0,15.4,0.9,0.516,1527330,0.2392013483820598,F_S_WWC_WM
F_S_WWC_WM_0632,4647.7,1008.8,1339.0,1350740.0,1338.8,15.5,5.2,0.499,1527330,0.2418019959534883,F_S_WWC_WM
F_S_WWC_WM_0633,4671.4,928.5,1252.3,1162748.0,1252.3,11.0,4.0,0.509,1527330,0.2553915934850498,F_S_WWC_WM
F_S_WWC_WM_0634,4703.4,991.9,1327.0,1316176.0,1327.0,13.3,4.8,0.5,1527330,0.275524556345515,F_S_WWC_WM
F_S_WWC_WM_0635,5047.7,1010.9,1333.6,1348141.0,1333.6,12.9,0.0,0.464,1527330,0.2382697495215946,F_S_WWC_WM
F_S_WWC_WM_0636,4639.6,1071.1,1308.1,1401096.0,1308.1,14.6,5.2,0.478,1527330,0.2625116531295681,F_S_WWC_WM
F_S_WWC_WM_0637,4821.8,1058.4,1281.2,1356033.0,1281.2,11.8,5.0,0.502,1527330,0.2447518017076412,F_S_WWC_WM
F_S_WWC_WM_0638,4960.1,1033.4,1304.5,1347991.0,1304.5,11.1,4.8,0.484,1527330,0.2384698188837209,F_S_WWC_WM
F_S_WWC_WM_0639,4738.9,1085.4,1268.9,1377322.0,1268.7,12.7,4.2,0.503,1527330,0.257412196076412,F_S_WWC_WM
F_S_WWC_WM_0640,4879.5,1141.4,1322.5,1509498.0,1321.8,10.9,0.0,0.482,1527330,0.2387736813488372,F_S_WWC_WM
F_S_WWC_WM_0641,4744.0,1017.6,1310.7,1333687.0,1310.7,13.8,5.1,0.474,1527330,0.2492429090730896,F_S_WWC_WM
F_S_WWC_WM_0642,4709.5,962.4,1306.0,1256910.0,1306.0,11.8,4.9,0.467,1527330,0.2872014871229236,F_S_WWC_WM
F_S_WWC_WM_0643,4824.7,1004.7,1233.8,1239661.0,1233.8,9.6,4.2,0.508,1527330,0.2381955415913621,F_S_WWC_WM
F_S_WWC_WM_0644,4872.5,1150.4,1319.4,1517848.0,1319.4,11.9,5.3,0.479,1527330,0.233081660986711,F_S_WWC_WM
F_S_WWC_WM_0645,5022.6,1036.2,1344.3,1393006.0,1344.3,12.2,0.0,0.46,1527330,0.2501916894784053,F_S_WWC_WM
F_S_WWC_WM_0646,4933.7,1107.6,1239.0,1372289.0,1239.0,10.2,4.6,0.526,1527330,0.2443409525049834,F_S_WWC_WM
F_S_WWC_WM_0647,5161.5,1069.2,1284.5,1373404.0,1284.5,10.6,4.9,0.487,1527330,0.2258431975215947,F_S_WWC_WM
F_S_WWC_WM_0648,4776.8,1007.8,1337.6,1347969.0,1337.6,12.9,0.0,0.488,1527330,0.2189251742790698,F_S_WWC_WM
F_S_WWC_WM_0649,4866.6,953.7,1257.9,1199687.0,1257.9,11.9,4.1,0.515,1527330,0.2732730123222592,F_S_WWC_WM
F_S_WWC_WM_0650,4796.4,975.5,1297.2,1265408.0,1297.2,14.1,5.1,0.5,1527330,0.263980918435216,F_S_WWC_WM
F_S_WWC_WM_0651,4586.5,1116.3,1344.7,1501073.0,1344.7,14.3,4.6,0.458,1527330,0.2725339867475083,F_S_WWC_WM
F_S_WWC_WM_0652,5100.0,999.8,1232.7,1232528.0,1232.7,9.2,4.1,0.508,1527330,0.2393224925215947,F_S_WWC_WM
F_S_WWC_WM_0653,4967.0,1113.0,1283.2,1428225.0,1283.2,11.5,5.0,0.494,1527330,0.2144831988903654,F_S_WWC_WM
F_S_WWC_WM_0654,4729.6,1058.0,1240.5,1312411.0,1240.5,8.9,4.7,0.493,1527330,0.2243000674451827,F_S_WWC_WM
F_S_WWC_WM_0656,5019.0,1146.7,1299.1,1489666.0,1299.1,10.5,5.0,0.495,1527330,0.2308211292956811,F_S_WWC_WM
F_S_WWC_WM_0657,4982.4,1013.4,1291.6,1308923.0,1291.6,13.1,5.2,0.501,1527330,0.274184445,F_S_WWC_WM
F_S_WWC_WM_0658,5015.4,1044.9,1324.7,1384176.0,1324.7,12.8,4.5,0.476,1527330,0.2499679867940199,F_S_WWC_WM
F_S_WWC_WM_0659,4640.6,1102.5,1293.8,1426409.0,1293.8,11.4,5.4,0.478,1527330,0.2366249096578073,F_S_WWC_WM
F_S_WWC_WM_0660,4735.3,1132.6,1293.3,1464705.0,1293.3,11.2,5.5,0.505,1527330,0.2555281465083056,F_S_WWC_WM
F_S_WWC_WM_0661,5145.2,1002.9,1275.1,1278782.0,1275.1,10.6,5.0,0.492,1527330,0.2574750880564784,F_S_WWC_WM
F_S_WWC_WM_0662,5107.3,1103.3,1344.6,1483450.0,1344.4,13.5,0.0,0.471,1527330,0.2527767664385382,F_S_WWC_WM
F_S_WWC_WM_0663,4595.9,1037.3,1306.5,1355292.0,1306.5,13.1,6.3,0.507,1527330,0.2470680585980066,F_S_WWC_WM
F_S_WWC_WM_0664,4547.8,1034.1,1266.4,1309587.0,1266.4,12.1,4.4,0.495,1527330,0.281438569089701,F_S_WWC_WM
F_S_WWC_WM_0665,4760.2,962.9,1348.9,1298875.0,1348.9,14.2,0.0,0.495,1527330,0.2556816829036545,F_S_WWC_WM
F_S_WWC_WM_0666,4828.0,1070.4,1291.6,1382528.0,1291.6,11.8,5.2,0.499,1527330,0.2693757430166112,F_S_WWC_WM
F_S_WWC_WM_0667,4593.9,1008.5,1210.1,1220405.0,1210.1,7.7,5.3,0.538,1527330,0.2401209016445182,F_S_WWC_WM
F_S_WWC_WM_0668,4932.9,998.6,1230.2,1228526.0,1230.2,7.1,4.3,0.533,1527330,0.2170522842093023,F_S_WWC_WM
F_S_WWC_WM_0669,4615.7,937.9,1217.5,1141932.0,1217.5,7.7,5.2,0.545,1527330,0.2591252569867109,F_S_WWC_WM
F_S_WWC_WM_0670,4752.1,1125.6,1328.3,1495154.0,1325.6,13.8,0.0,0.474,1527330,0.263538078551495,F_S_WWC_WM
F_S_WWC_WM_0671,4614.4,1026.2,1346.7,1381907.0,1346.7,15.0,4.7,0.497,1527330,0.2249823655016611,F_S_WWC_WM
F_S_WWC_WM_0672,4830.7,962.8,1317.8,1268832.0,1317.8,13.5,4.5,0.491,1527330,0.2426877074152824,F_S_WWC_WM
F_S_WWC_WM_0673,4889.2,1140.8,1357.0,1548025.0,1356.9,15.5,0.0,0.478,1527330,0.2723164309501661,F_S_WWC_WM
F_S_WWC_WM_0674,4581.4,1011.8,1361.7,1377681.0,1361.6,14.6,0.0,0.493,1527330,0.2542397287475083,F_S_WWC_WM
F_S_WWC_WM_0675,5129.3,978.2,1248.5,1221242.0,1248.5,9.6,4.0,0.483,1527330,0.2467665338172757,F_S_WWC_WM
F_S_WWC_WM_0676,4614.4,1062.7,1348.4,1432908.0,1348.4,13.5,4.3,0.491,1527330,0.2257728496245847,F_S_WWC_WM
F_S_WWC_WM_0677,4854.3,948.8,1236.8,1173451.0,1236.8,9.7,4.2,0.525,1527330,0.2513678884418605,F_S_WWC_WM
F_S_WWC_WM_0678,4726.1,1133.5,1325.2,1502093.0,1325.2,13.4,4.6,0.495,1527330,0.2499716372159468,F_S_WWC_WM
F_S_WWC_WM_0679,5073.3,1143.0,1329.3,1519334.0,1329.3,12.3,0.0,0.474,1527330,0.2535370714551495,F_S_WWC_WM
F_S_WWC_WM_0680,4962.4,1048.8,1230.3,1290310.0,1230.3,9.0,4.4,0.511,1527330,0.2659593985448504,F_S_WWC_WM
F_S_WWC_WM_0681,4852.0,1116.1,1264.1,1410860.0,1264.1,11.3,5.4,0.536,1527330,0.2610598351495016,F_S_WWC_WM
F_S_WWC_WM_0682,4600.4,1059.0,1319.9,1397804.0,1319.9,14.3,5.7,0.484,1527330,0.234778181654485,F_S_WWC_WM
F_S_WWC_WM_0683,4721.9,1108.5,1271.3,1409256.0,1271.3,10.6,4.0,0.504,1527330,0.247742128013289,F_S_WWC_WM
F_S_WWC_WM_0684,4964.3,989.7,1316.4,1302912.0,1316.4,11.7,4.8,0.488,1527330,0.225844458757475,F_S_WWC_WM
F_S_WWC_WM_0685,4829.6,1178.5,1291.2,1521612.0,1291.2,11.3,5.4,0.48,1527330,0.2340792596677741,F_S_WWC_WM
F_S_WWC_WM_0686,4586.8,1168.5,1329.3,1553292.0,1328.9,13.9,4.5,0.494,1527330,0.2586760821029901,F_S_WWC_WM
F_S_WWC_WM_0687,4566.8,996.1,1265.7,1260786.0,1265.7,13.1,6.8,0.527,1527330,0.2656789004684385,F_S_WWC_WM
F_S_WWC_WM_0688,4858.2,1167.8,1301.6,1520035.0,1301.6,11.2,4.4,0.519,1527330,0.2233920167873754,F_S_WWC_WM
F_S_WWC_WM_0689,4694.6,1014.3,1243.4,1261131.0,1243.4,9.5,6.4,0.534,1527330,0.2368140702923588,F_S_WWC_WM
F_S_WWC_WM_0690,5131.9,950.6,1342.5,1276221.0,1342.5,13.0,0.0,0.454,1527330,0.2388904836976744,F_S_WWC_WM
F_S_WWC_WM_0691,4709.7,1084.2,1336.5,1449074.0,1336.5,13.7,4.8,0.458,1527330,0.2509208309435216,F_S_WWC_WM
F_S_WWC_WM_0692,4813.6,1121.9,1269.4,1424156.0,1269.4,10.5,4.3,0.516,1527330,0.2561124566146179,F_S_WWC_WM
F_S_WWC_WM_0693,4825.2,1150.4,1244.0,1431126.0,1244.0,10.8,4.4,0.499,1527330,0.2113469803654485,F_S_WWC_WM
F_S_WWC_WM_0694,5217.3,1145.8,1245.5,1427141.0,1245.5,9.1,5.0,0.506,1527330,0.227160941013289,F_S_WWC_WM
F_S_WWC_WM_0695,4961.5,1008.7,1318.5,1329966.0,1318.5,10.9,4.6,0.481,1527330,0.2408665966843853,F_S_WWC_WM
F_S_WWC_WM_0696,4811.4,1006.4,1218.2,1225984.0,1218.2,8.4,5.0,0.532,1527330,0.2594135360531561,F_S_WWC_WM
F_S_WWC_WM_0697,4554.4,1113.6,1337.4,1489286.0,1337.3,14.9,4.9,0.491,1527330,0.2016412538970099,F_S_WWC_WM
F_S_WWC_WM_0698,4921.6,1040.0,1290.2,1341804.0,1290.2,11.3,5.1,0.466,1527330,0.2271357281229236,F_S_WWC_WM
F_S_WWC_WM_0699,4727.3,1090.4,1319.6,1438907.0,1319.6,14.6,4.6,0.465,1527330,0.2711891883023256,F_S_WWC_WM
F_S_WWC_WM_0700,4598.0,1029.6,1350.5,1390552.0,1349.8,13.9,0.0,0.456,1527330,0.2884090619634551,F_S_WWC_WM
F_S_WWS_WM_0576,4934.1,975.6,1308.6,1276648.0,1308.6,11.9,5.8,0.487,1527330,0.2531104388737542,F_S_WWS_WM
F_S_WWS_WM_0577,4685.8,1149.3,1253.2,1440301.0,1253.2,10.3,3.9,0.508,1527330,0.2329348264684385,F_S_WWS_WM
F_S_WWS_WM_0578,4796.4,994.5,1296.1,1288916.0,1296.1,14.2,5.3,0.5,1527330,0.2463298803388704,F_S_WWS_WM
F_S_WWS_WM_0579,4652.0,1043.8,1215.6,1268902.0,1215.6,7.3,5.4,0.531,1527330,0.2575690789003322,F_S_WWS_WM
F_S_WWS_WM_0580,4755.7,1145.5,1256.3,1439088.0,1256.3,10.1,4.9,0.522,1527330,0.246501535295681,F_S_WWS_WM
F_S_WWS_WM_0581,4991.8,1090.1,1321.9,1440948.0,1321.9,12.0,4.5,0.464,1527330,0.2173037474518272,F_S_WWS_WM
F_S_WWS_WM_0582,4809.8,1005.1,1227.6,1233880.0,1227.6,9.3,4.7,0.515,1527330,0.2331433573255813,F_S_WWS_WM
F_S_WWS_WM_0583,4402.6,1095.2,1283.8,1406035.0,1283.8,13.5,4.8,0.506,1527330,0.2581349299468439,F_S_WWS_WM
F_S_WWS_WM_0584,4802.8,1128.7,1296.0,1462755.0,1296.0,12.6,5.5,0.475,1527330,0.2304032299468438,F_S_WWS_WM
F_S_WWS_WM_0585,4836.1,1075.8,1301.4,1400123.0,1300.7,14.0,4.9,0.474,1527330,0.2265810071328903,F_S_WWS_WM
F_S_WWS_WM_0586,4828.0,1067.5,1300.2,1387949.0,1300.2,12.7,4.9,0.482,1527330,0.2366498718305647,F_S_WWS_WM
F_S_WWS_WM_0587,4701.0,1050.3,1342.5,1409971.0,1342.5,12.8,1.1,0.498,1527330,0.2221084478073089,F_S_WWS_WM
F_S_WWS_WM_0588,4917.8,1104.3,1317.3,1454684.0,1317.3,10.3,5.0,0.463,1527330,0.2358597640398671,F_S_WWS_WM
F_S_WWS_WM_0589,4915.7,1014.9,1236.2,1254633.0,1236.2,9.3,4.3,0.505,1527330,0.2356345125714285,F_S_WWS_WM
F_S_WWS_WM_0590,4591.5,1145.7,1234.2,1414028.0,1234.2,9.9,4.6,0.516,1527330,0.2420258531727574,F_S_WWS_WM
F_S_WWS_WM_0591,4840.5,975.0,1289.8,1257533.0,1289.8,10.3,5.2,0.52,1527330,0.2385020972026578,F_S_WWS_WM
F_S_WWS_WM_0592,4613.1,1024.0,1239.4,1269106.0,1239.4,10.5,5.0,0.516,1527330,0.2436516970531561,F_S_WWS_WM
F_S_WWS_WM_0593,4811.2,966.0,1287.4,1243697.0,1287.4,13.1,5.2,0.481,1527330,0.2272703509302326,F_S_WWS_WM
F_S_WWS_WM_0594,4754.0,1163.0,1314.6,1528882.0,1314.6,7.7,5.6,0.47,1527330,0.2354423525415282,F_S_WWS_WM
F_S_WWS_WM_0595,4823.5,1094.0,1281.8,1402277.0,1281.8,11.1,6.1,0.495,1527330,0.236056115385382,F_S_WWS_WM
F_S_WWS_WM_0596,4765.2,1029.9,1284.2,1322590.0,1284.2,11.6,5.2,0.517,1527330,0.2430686895548172,F_S_WWS_WM
F_S_WWS_WM_0597,4891.6,944.6,1297.9,1225935.0,1297.9,13.0,5.1,0.486,1527330,0.2293700436744186,F_S_WWS_WM
F_S_WWS_WM_0598,4522.4,969.1,1349.7,1308017.0,1349.4,15.7,0.0,0.476,1527330,0.2583206756046512,F_S_WWS_WM
F_S_WWS_WM_0599,4981.3,1094.9,1288.4,1410716.0,1288.3,12.2,5.0,0.477,1527330,0.2830720679501661,F_S_WWS_WM
F_S_WWS_WM_0600,4799.1,1102.0,1226.1,1351157.0,1226.1,5.5,3.2,0.525,1527330,0.280625445372093,F_S_WWS_WM
F_S_WWS_WM_0601,4513.1,1103.8,1274.4,1406761.0,1274.4,13.3,4.9,0.522,1527330,0.2323681411328904,F_S_WWS_WM
F_S_WWS_WM_0602,4952.5,951.5,1262.1,1200928.0,1262.1,10.1,5.4,0.518,1527330,0.254522039166113,F_S_WWS_WM
F_S_WWS_WM_0603,4955.4,1191.7,1279.6,1524937.0,1279.6,11.4,5.3,0.502,1527330,0.2140966062325581,F_S_WWS_WM
F_S_WWS_WM_0604,4884.4,1174.5,1302.7,1530020.0,1301.9,13.9,4.9,0.486,1527330,0.2361460269833887,F_S_WWS_WM
F_S_WWS_WM_0605,4779.0,1120.8,1306.5,1464259.0,1306.5,12.2,6.0,0.507,1527330,0.2308892180431893,F_S_WWS_WM
F_S_WWS_WM_0606,5094.3,997.7,1213.9,1211185.0,1213.9,6.9,4.7,0.517,1527330,0.2441351359501661,F_S_WWS_WM
F_S_WWS_WM_0607,4844.4,950.4,1338.9,1272472.0,1338.9,13.3,0.0,0.46,1527330,0.2410246859003322,F_S_WWS_WM
F_S_WWS_WM_0608,4902.5,1109.3,1238.8,1374138.0,1238.8,9.4,4.2,0.502,1527330,0.2539549535016611,F_S_WWS_WM
F_S_WWS_WM_0609,4509.1,1107.4,1285.4,1423433.0,1285.4,12.4,5.5,0.503,1527330,0.2644175617109635,F_S_WWS_WM
F_S_WWS_WM_0610,4786.5,1083.3,1342.7,1454557.0,1342.7,13.7,4.2,0.484,1527330,0.2532050485946843,F_S_WWS_WM
F_S_WWS_WM_0611,4587.8,1099.4,1232.7,1355269.0,1232.7,9.9,6.7,0.525,1527330,0.2470849783554817,F_S_WWS_WM
F_S_WWS_WM_0612,4935.8,1021.7,1260.8,1288191.0,1260.8,9.8,4.7,0.52,1527330,0.2251235540299003,F_S_WWS_WM
F_S_WWS_WM_0613,4884.8,1156.4,1231.6,1424272.0,1231.6,7.8,4.3,0.52,1527330,0.2268463977707641,F_S_WWS_WM
F_S_WWS_WM_0614,4589.0,1016.9,1291.5,1313369.0,1291.5,13.3,5.4,0.497,1527330,0.2526431552657807,F_S_WWS_WM
F_S_WWS_WM_0615,5054.7,1069.0,1243.7,1329602.0,1243.7,9.9,4.2,0.51,1527330,0.2378359024817275,F_S_WWS_WM
F_S_WWS_WM_0616,5071.2,1075.8,1328.2,1428825.0,1328.2,12.3,4.6,0.467,1527330,0.2485548762358803,F_S_WWS_WM
F_S_WWS_WM_0617,5026.9,1123.7,1225.9,1377577.0,1225.9,9.6,4.5,0.52,1527330,0.2468993805913621,F_S_WWS_WM
F_S_WWS_WM_0618,4782.9,1119.5,1353.1,1514782.0,1350.5,12.5,0.0,0.467,1527330,0.2786250538637873,F_S_WWS_WM
F_S_WWS_WM_0619,4788.3,997.1,1276.2,1272537.0,1275.9,12.4,5.3,0.509,1527330,0.2428609981827242,F_S_WWS_WM
F_S_WWS_WM_0620,4495.1,1033.9,1225.3,1266819.0,1225.3,8.1,5.0,0.545,1527330,0.2293961114584717,F_S_WWS_WM
F_S_WWS_WM_0621,4673.3,998.9,1237.1,1235701.0,1237.1,4.7,6.0,0.504,1527330,0.2578260085348837,F_S_WWS_WM
F_S_WWS_WM_0622,4886.2,1056.9,1331.4,1407169.0,1330.2,14.3,0.0,0.464,1527330,0.2753659787541528,F_S_WWS_WM
F_S_WWS_WM_0623,5028.7,1116.8,1250.9,1396962.0,1250.8,10.6,3.8,0.506,1527330,0.2485330006677741,F_S_WWS_WM
F_S_WWS_WM_0624,4811.1,1136.4,1229.7,1397495.0,1229.7,9.4,4.5,0.511,1527330,0.2278803685481727,F_S_WWS_WM
F_S_WWS_WM_0625,4754.8,1110.8,1272.4,1413330.0,1272.4,6.6,4.5,0.493,1527330,0.2236417933189368,F_S_WWS_WM
F_S_WWS_WM_0626,4920.9,1059.8,1355.1,1436121.0,1355.1,14.3,0.0,0.473,1527330,0.2622926976478405,F_S_WWS_WM
F_S_WWS_WM_0627,4934.6,981.6,1258.6,1235394.0,1258.6,11.2,4.3,0.502,1527330,0.225223984578073,F_S_WWS_WM
F_S_WWS_WM_0628,4568.5,1075.5,1334.1,1434886.0,1334.1,14.2,1.1,0.483,1527330,0.2605624552923588,F_S_WWS_WM
F_S_WWS_WM_0629,4939.0,1071.6,1330.9,1426137.0,1330.9,10.8,4.4,0.504,1527330,0.256279418282392,F_S_WWS_WM
F_S_WWS_WM_0630,4802.9,1132.5,1322.3,1497518.0,1322.3,12.1,5.0,0.461,1527330,0.2225166462657807,F_S_WWS_WM
F_S_WWS_WM_0631,4673.1,1021.7,1351.0,1380280.0,1351.0,15.4,0.9,0.515,1527330,0.2275175503687707,F_S_WWS_WM
F_S_WWS_WM_0632,4647.5,1008.7,1339.0,1350634.0,1338.8,15.5,5.2,0.495,1527330,0.2431557810996677,F_S_WWS_WM
F_S_WWS_WM_0633,4672.0,928.5,1252.3,1162748.0,1252.3,11.0,4.0,0.509,1527330,0.2463142274584717,F_S_WWS_WM
F_S_WWS_WM_0634,4698.9,991.9,1327.0,1316176.0,1327.0,13.5,5.0,0.501,1527330,0.2556289676744185,F_S_WWS_WM
F_S_WWS_WM_0635,5061.0,1010.9,1333.6,1348133.0,1333.6,12.9,0.0,0.464,1527330,0.2398487062458471,F_S_WWS_WM
F_S_WWS_WM_0636,4616.9,1071.1,1307.0,1399901.0,1307.0,14.5,5.5,0.476,1527330,0.2504377792059801,F_S_WWS_WM
F_S_WWS_WM_0637,4819.6,1063.4,1281.2,1362442.0,1281.2,11.8,4.9,0.503,1527330,0.248885537730897,F_S_WWS_WM
F_S_WWS_WM_0638,4960.1,1033.4,1304.5,1347991.0,1304.5,11.1,4.8,0.484,1527330,0.2277936150199335,F_S_WWS_WM
F_S_WWS_WM_0639,4738.9,1085.4,1268.9,1377322.0,1268.7,12.7,4.2,0.503,1527330,0.2505766620631229,F_S_WWS_WM
F_S_WWS_WM_0640,4879.5,1141.3,1322.5,1509443.0,1321.8,10.9,0.0,0.482,1527330,0.2480548752857142,F_S_WWS_WM
F_S_WWS_WM_0641,4744.0,1017.6,1310.7,1333786.0,1310.7,13.8,5.1,0.474,1527330,0.2487461790099668,F_S_WWS_WM
F_S_WWS_WM_0642,4709.6,958.4,1306.0,1251669.0,1306.0,11.8,4.9,0.467,1527330,0.2711798084186046,F_S_WWS_WM
F_S_WWS_WM_0643,4824.7,1004.7,1233.8,1239661.0,1233.8,9.6,4.2,0.507,1527330,0.2321638084019933,F_S_WWS_WM
F_S_WWS_WM_0644,4871.5,1151.6,1319.4,1519446.0,1319.4,11.9,5.2,0.48,1527330,0.2371190337209302,F_S_WWS_WM
F_S_WWS_WM_0645,5022.6,1036.7,1344.3,1393616.0,1344.3,12.2,0.0,0.46,1527330,0.244129074398671,F_S_WWS_WM
F_S_WWS_WM_0646,4934.2,1107.6,1239.0,1372234.0,1239.0,10.2,4.5,0.526,1527330,0.2306934237209302,F_S_WWS_WM
F_S_WWS_WM_0647,5161.5,1071.1,1284.5,1375795.0,1284.5,10.6,4.9,0.487,1527330,0.2126661445681063,F_S_WWS_WM
F_S_WWS_WM_0648,4780.2,1007.8,1337.6,1347978.0,1337.6,13.0,0.0,0.488,1527330,0.2248417037641195,F_S_WWS_WM
F_S_WWS_WM_0649,4866.6,953.7,1262.9,1204434.0,1262.9,12.2,4.0,0.512,1527330,0.2538778265448505,F_S_WWS_WM
F_S_WWS_WM_0651,4586.5,1116.3,1344.7,1501073.0,1344.7,14.3,4.6,0.459,1527330,0.2548031779833887,F_S_WWS_WM
F_S_WWS_WM_0652,5100.0,999.7,1232.7,1232349.0,1232.7,9.2,4.1,0.508,1527330,0.2352565774950166,F_S_WWS_WM
F_S_WWS_WM_0653,4967.0,1109.9,1283.2,1424205.0,1283.2,11.5,5.0,0.494,1527330,0.2093943640299003,F_S_WWS_WM
F_S_WWS_WM_0654,4729.6,1058.0,1239.9,1311857.0,1239.9,8.8,4.7,0.494,1527330,0.2256994507774086,F_S_WWS_WM
F_S_WWS_WM_0655,4836.8,968.8,1270.6,1231054.0,1270.6,9.7,4.0,0.524,1527330,0.244223540282392,F_S_WWS_WM
F_S_WWS_WM_0656,5019.0,1146.4,1299.1,1489333.0,1299.1,10.5,5.0,0.495,1527330,0.2165600828571428,F_S_WWS_WM
F_S_WWS_WM_0657,4982.4,1013.8,1291.6,1309401.0,1291.6,13.1,5.3,0.501,1527330,0.2630298263089701,F_S_WWS_WM
F_S_WWS_WM_0658,5015.6,1044.9,1324.7,1384176.0,1324.7,12.8,4.5,0.476,1527330,0.2304937218671096,F_S_WWS_WM
F_S_WWS_WM_0659,4640.6,1102.7,1293.3,1426151.0,1293.3,11.2,5.3,0.48,1527330,0.2316732741528238,F_S_WWS_WM
F_S_WWS_WM_0660,4735.3,1132.6,1293.0,1464416.0,1293.0,11.1,5.5,0.503,1527330,0.258984307345515,F_S_WWS_WM
F_S_WWS_WM_0661,5162.4,1002.9,1275.1,1278782.0,1275.1,10.7,4.9,0.49,1527330,0.2429860434119601,F_S_WWS_WM
F_S_WWS_WM_0662,5103.7,1103.3,1344.6,1483450.0,1344.4,13.6,0.0,0.472,1527330,0.2431691376943521,F_S_WWS_WM
F_S_WWS_WM_0663,4616.6,1036.7,1306.9,1354887.0,1306.9,13.1,5.8,0.504,1527330,0.2407298976611295,F_S_WWS_WM
F_S_WWS_WM_0664,4554.0,1027.8,1265.4,1300567.0,1265.4,12.1,4.5,0.497,1527330,0.2743835629468439,F_S_WWS_WM
F_S_WWS_WM_0665,4765.9,962.9,1348.9,1298875.0,1348.9,14.3,0.0,0.494,1527330,0.2393455850199335,F_S_WWS_WM
F_S_WWS_WM_0666,4844.1,1070.4,1291.6,1382529.0,1291.6,11.8,5.3,0.5,1527330,0.2693389452591362,F_S_WWS_WM
F_S_WWS_WM_0667,4613.5,1008.5,1210.1,1220408.0,1210.1,7.7,5.3,0.538,1527330,0.2310905309401993,F_S_WWS_WM
F_S_WWS_WM_0668,4932.9,991.4,1230.2,1219638.0,1230.2,7.1,4.3,0.533,1527330,0.216129639013289,F_S_WWS_WM
F_S_WWS_WM_0669,4617.7,938.0,1217.5,1141984.0,1217.5,7.7,5.2,0.542,1527330,0.253988326372093,F_S_WWS_WM
F_S_WWS_WM_0670,4751.8,1125.6,1328.3,1495154.0,1325.6,13.8,0.0,0.474,1527330,0.2618928344285714,F_S_WWS_WM
F_S_WWS_WM_0671,4615.8,1026.2,1345.6,1380810.0,1345.6,14.8,4.7,0.497,1527330,0.2186706335016611,F_S_WWS_WM
F_S_WWS_WM_0672,4830.7,965.6,1317.8,1272458.0,1317.8,13.5,4.6,0.491,1527330,0.2448039801362126,F_S_WWS_WM
F_S_WWS_WM_0673,4896.3,1140.8,1356.1,1547058.0,1356.1,15.4,0.0,0.481,1527330,0.236122859820598,F_S_WWS_WM
F_S_WWS_WM_0674,4581.4,1011.8,1361.7,1377681.0,1361.6,14.6,0.0,0.493,1527330,0.2524886204651163,F_S_WWS_WM
F_S_WWS_WM_0675,5129.3,978.2,1248.7,1221503.0,1248.7,9.6,4.0,0.483,1527330,0.2508640185681062,F_S_WWS_WM
F_S_WWS_WM_0676,4614.8,1062.7,1345.8,1430218.0,1345.8,13.5,5.0,0.491,1527330,0.2374074799269102,F_S_WWS_WM
F_S_WWS_WM_0677,4857.4,951.2,1240.6,1180043.0,1240.6,10.0,4.1,0.521,1527330,0.240448543269103,F_S_WWS_WM
F_S_WWS_WM_0678,4726.0,1133.5,1325.2,1502093.0,1325.2,13.3,4.5,0.495,1527330,0.2307009314784053,F_S_WWS_WM
F_S_WWS_WM_0679,5076.8,1134.5,1329.3,1508128.0,1329.3,12.2,0.0,0.474,1527330,0.2524238047109634,F_S_WWS_WM
F_S_WWS_WM_0680,4961.8,1048.8,1230.3,1290310.0,1230.3,9.0,4.4,0.511,1527330,0.2594170976943522,F_S_WWS_WM
F_S_WWS_WM_0681,4852.0,1116.0,1264.1,1410748.0,1264.1,11.3,5.4,0.536,1527330,0.224895985744186,F_S_WWS_WM
F_S_WWS_WM_0682,4600.2,1059.0,1319.9,1397804.0,1319.9,14.3,5.7,0.484,1527330,0.2327385620764119,F_S_WWS_WM
F_S_WWS_WM_0683,4721.9,1108.7,1271.3,1409536.0,1271.3,10.6,4.0,0.504,1527330,0.2483420871893688,F_S_WWS_WM
F_S_WWS_WM_0684,4964.0,990.0,1316.4,1303235.0,1316.4,11.8,4.8,0.488,1527330,0.2254305512026578,F_S_WWS_WM
F_S_WWS_WM_0685,4829.6,1178.5,1287.8,1517620.0,1287.8,11.2,5.3,0.481,1527330,0.2199299802624584,F_S_WWS_WM
F_S_WWS_WM_0686,4586.8,1168.5,1329.3,1553307.0,1328.9,13.9,4.5,0.494,1527330,0.2466657249534884,F_S_WWS_WM
F_S_WWS_WM_0687,4566.8,995.3,1265.3,1259394.0,1265.3,13.0,6.8,0.527,1527330,0.2623757614950166,F_S_WWS_WM
F_S_WWS_WM_0688,4859.0,1167.8,1301.6,1520049.0,1301.6,11.2,4.1,0.519,1527330,0.2143766853455149,F_S_WWS_WM
F_S_WWS_WM_0689,4697.6,1009.2,1243.4,1254848.0,1243.4,9.5,6.5,0.533,1527330,0.2452234804883721,F_S_WWS_WM
F_S_WWS_WM_0690,5131.9,950.6,1342.5,1276117.0,1342.5,13.0,0.0,0.454,1527330,0.2316498493421926,F_S_WWS_WM
F_S_WWS_WM_0691,4709.7,1084.3,1336.5,1449127.0,1336.5,13.7,4.8,0.458,1527330,0.2361503521262458,F_S_WWS_WM
F_S_WWS_WM_0692,4856.8,1114.8,1269.4,1415140.0,1269.4,10.5,3.8,0.515,1527330,0.2599495275182724,F_S_WWS_WM
F_S_WWS_WM_0693,4825.3,1150.4,1244.0,1431126.0,1244.0,10.8,4.4,0.499,1527330,0.2094009896212624,F_S_WWS_WM
F_S_WWS_WM_0694,5218.7,1143.2,1246.0,1424425.0,1246.0,9.2,5.1,0.507,1527330,0.2311819149933554,F_S_WWS_WM
F_S_WWS_WM_0695,4961.5,1008.7,1318.5,1329966.0,1318.5,10.9,4.6,0.481,1527330,0.2215749618770764,F_S_WWS_WM
F_S_WWS_WM_0696,4811.4,1006.4,1218.2,1225984.0,1218.2,8.4,5.0,0.532,1527330,0.255874477089701,F_S_WWS_WM
F_S_WWS_WM_0697,4554.4,1109.8,1338.5,1485417.0,1338.2,15.1,4.8,0.492,1527330,0.2122040185747508,F_S_WWS_WM
F_S_WWS_WM_0698,4942.8,1040.0,1290.2,1341804.0,1290.2,11.3,5.2,0.464,1527330,0.2207887403355481,F_S_WWS_WM
F_S_WWS_WM_0699,4733.7,1090.4,1319.6,1438910.0,1319.6,14.6,4.6,0.463,1527330,0.2658618708737541,F_S_WWS_WM
F_S_WWS_WM_0700,4598.6,1029.6,1350.5,1390552.0,1349.8,13.9,0.0,0.456,1527330,0.2749307605182725,F_S_WWS_WM
N_S_WWC_WM_0001,4837.4,1011.7,1313.7,1329026.0,1313.0,8.7,0.3,0.462,1502196,0.2780587215747508,N_S_WWC_WM
N_S_WWC_WM_0002,4731.3,1023.4,1328.4,1359514.0,1328.2,7.4,0.9,0.475,1502196,0.2239793576378737,N_S_WWC_WM
N_S_WWC_WM_0003,5102.8,1020.5,1325.4,1352597.0,1325.4,13.0,4.4,0.459,1502196,0.2378389648970099,N_S_WWC_WM
N_S_WWC_WM_0005,4792.2,1156.4,1243.9,1438467.0,1243.9,11.6,5.1,0.518,1502196,0.2620274559335548,N_S_WWC_WM
N_S_WWC_WM_0009,4738.9,1136.5,1307.4,1485848.0,1306.9,8.1,6.2,0.472,1502196,0.2536846497142858,N_S_WWC_WM
N_S_WWC_WM_0010,4544.5,1023.9,1324.6,1356219.0,1324.6,14.1,6.0,0.472,1502196,0.2605303315315614,N_S_WWC_WM
N_S_WWC_WM_0014,4605.3,1093.5,1231.3,1346433.0,1231.3,11.0,4.6,0.491,1502196,0.2584523408803987,N_S_WWC_WM
N_S_WWC_WM_0015,4643.0,1152.8,1308.9,1508813.0,1308.8,7.7,1.7,0.483,1502196,0.2394410488604651,N_S_WWC_WM
N_S_WWC_WM_0018,4792.5,1036.8,1218.6,1263453.0,1218.6,7.2,7.1,0.507,1502196,0.274672095089701,N_S_WWC_WM
N_S_WWC_WM_0019,4751.8,957.1,1251.0,1197339.0,1251.0,11.1,5.4,0.509,1502196,0.274983688358804,N_S_WWC_WM
N_S_WWC_WM_0020,4847.8,1042.3,1293.6,1348211.0,1291.2,12.5,4.8,0.456,1502196,0.2453439031893687,N_S_WWC_WM
N_S_WWC_WM_0021,4581.1,1078.3,1215.8,1311046.0,1215.8,10.3,5.2,0.515,1502196,0.2554048274485049,N_S_WWC_WM
N_S_WWC_WM_0022,4743.7,1109.7,1216.7,1350169.0,1216.7,7.3,5.6,0.489,1502196,0.2384889030797342,N_S_WWC_WM
N_S_WWC_WM_0023,4754.8,1090.9,1301.9,1420204.0,1297.8,10.1,5.2,0.457,1502196,0.2228100331893687,N_S_WWC_WM
N_S_WWC_WM_0024,4820.9,1092.3,1342.7,1466681.0,1331.9,13.2,0.0,0.46,1502196,0.2397649312790697,N_S_WWC_WM
N_S_WWC_WM_0025,4833.6,1156.6,1335.4,1544443.0,1334.1,11.5,0.0,0.465,1502196,0.2755203462026578,N_S_WWC_WM
N_S_WWC_WM_0026,4911.7,958.5,1356.0,1299679.0,1349.0,9.1,0.0,0.453,1502196,0.2398450947873754,N_S_WWC_WM
N_S_WWC_WM_0027,4608.1,1060.7,1242.0,1317300.0,1239.2,5.7,4.5,0.487,1502196,0.2769308651993355,N_S_WWC_WM
N_S_WWC_WM_0028,4683.5,1051.7,1296.1,1363048.0,1296.1,12.1,5.4,0.488,1502196,0.2722112879800665,N_S_WWC_WM
N_S_WWC_WM_0029,4852.9,1017.7,1302.2,1325216.0,1298.6,7.3,4.9,0.468,1502196,0.2336353518106312,N_S_WWC_WM
N_S_WWC_WM_0030,4496.1,2088.2,1428.9,2983881.0,1428.9,10.6,5.1,0.502,4461072,0.2399547246578073,N_S_WWC_WM
N_S_WWC_WM_0030,4582.5,1045.9,1319.4,1379931.0,1319.4,13.9,5.0,0.475,1502196,0.2399547246578073,N_S_WWC_WM
N_S_WWC_WM_0031,4936.8,1104.1,1269.3,1401445.0,1268.8,9.1,6.1,0.486,1502196,0.2241324062325581,N_S_WWC_WM
N_S_WWC_WM_0031,,,,,,0.0,0.0,0.0,4461072,0.2241324062325581,N_S_WWC_WM
N_S_WWC_WM_0032,4794.2,986.9,1235.7,1219597.0,1235.5,10.2,4.1,0.487,1502196,0.2808224193953488,N_S_WWC_WM
N_S_WWC_WM_0033,4931.6,1066.7,1295.8,1382206.0,1295.4,7.8,5.7,0.465,1502196,0.2295293301328903,N_S_WWC_WM
N_S_WWC_WM_0034,4608.3,970.1,1267.2,1229334.0,1267.2,9.9,5.5,0.486,1502196,0.2301050702923588,N_S_WWC_WM
N_S_WWC_WM_0035,4635.4,1046.3,1301.8,1362033.0,1301.8,13.9,5.3,0.477,1502196,0.2669589692358804,N_S_WWC_WM
N_S_WWC_WM_0036,4664.2,1114.4,1326.4,1478126.0,1320.3,10.5,4.3,0.463,1502196,0.2281819772857143,N_S_WWC_WM
N_S_WWC_WM_0038,4824.4,1068.4,1331.5,1422619.0,1331.5,14.1,4.6,0.484,1502196,0.2070868328704319,N_S_WWC_WM
N_S_WWC_WM_0039,4955.8,1039.5,1341.1,1394071.0,1341.1,10.2,4.5,0.456,1502196,0.2336205855016611,N_S_WWC_WM
N_S_WWC_WM_0040,4849.1,1127.7,1301.1,1467301.0,1299.4,8.4,5.1,0.453,1502196,0.2354590505614617,N_S_WWC_WM
N_S_WWC_WM_0042,5086.8,1029.7,1264.4,1301969.0,1264.4,11.9,3.9,0.481,1502196,0.2380241212558139,N_S_WWC_WM
N_S_WWC_WM_0043,4879.2,1135.6,1353.3,1536876.0,1349.3,9.7,0.0,0.445,1502196,0.2299075014152823,N_S_WWC_WM
N_S_WWC_WM_0044,4527.8,1117.8,1347.0,1505702.0,1346.7,9.6,4.6,0.449,1502196,0.2340040804252491,N_S_WWC_WM
N_S_WWC_WM_0045,4511.0,1011.5,1306.6,1321594.0,1306.6,13.7,5.5,0.475,1502196,0.2924732698704319,N_S_WWC_WM
N_S_WWC_WM_0047,4636.1,1115.7,1237.3,1380440.0,1237.3,10.4,4.8,0.502,1502196,0.2223135178172757,N_S_WWC_WM
N_S_WWC_WM_0048,5041.1,1007.6,1330.5,1340664.0,1329.1,7.3,4.3,0.437,1502196,0.2392643830332226,N_S_WWC_WM
N_S_WWC_WM_0049,4729.2,1151.3,1298.8,1495301.0,1297.5,12.7,5.3,0.494,1502196,0.2153555198405315,N_S_WWC_WM
N_S_WWC_WM_0050,4792.8,1133.6,1313.6,1489093.0,1313.5,9.9,5.0,0.447,1502196,0.2635482369900332,N_S_WWC_WM
N_S_WWC_WM_0051,4630.7,1143.3,1228.9,1405061.0,1227.8,10.8,4.6,0.478,1502196,0.2384215099667774,N_S_WWC_WM
N_S_WWC_WM_0053,4942.9,1132.0,1268.9,1436389.0,1268.7,11.3,5.1,0.474,1502196,0.2566676633920265,N_S_WWC_WM
N_S_WWC_WM_0055,4856.9,1053.1,1213.2,1277680.0,1213.2,8.5,6.7,0.51,1502196,0.2492184045116278,N_S_WWC_WM
N_S_WWC_WM_0057,4738.7,1080.9,1258.0,1359793.0,1257.9,12.0,4.0,0.468,1502196,0.2466095433189368,N_S_WWC_WM
N_S_WWC_WM_0058,4947.7,1177.0,1291.0,1519455.0,1291.0,12.6,5.1,0.463,1502196,0.240849852089701,N_S_WWC_WM
N_S_WWC_WM_0059,4672.8,1113.6,1248.0,1389769.0,1248.0,6.7,6.9,0.502,1502196,0.2419723941495016,N_S_WWC_WM
N_S_WWC_WM_0060,4988.9,1101.2,1310.2,1442719.0,1310.2,11.0,4.2,0.469,1502196,0.2365800782259136,N_S_WWC_WM
N_S_WWC_WM_0061,5075.0,1056.2,1258.4,1329130.0,1258.4,12.3,3.7,0.479,1502196,0.2586681168006644,N_S_WWC_WM
N_S_WWC_WM_0065,4846.0,1048.7,1309.2,1372889.0,1309.2,12.9,4.8,0.476,1502196,0.2423606828372093,N_S_WWC_WM
N_S_WWC_WM_0066,4688.5,1100.1,1219.2,1341226.0,1219.2,9.3,5.1,0.515,1502196,0.2188651663687707,N_S_WWC_WM
N_S_WWC_WM_0067,5096.6,1134.3,1320.6,1497925.0,1318.2,7.0,4.8,0.439,1502196,0.2592875838504983,N_S_WWC_WM
N_S_WWC_WM_0068,4718.1,1040.1,1279.7,1330994.0,1279.7,12.8,5.4,0.473,1502196,0.2326784211162791,N_S_WWC_WM
N_S_WWC_WM_0070,4822.3,996.9,1267.5,1263526.0,1267.5,9.4,3.9,0.484,1502196,0.2420073044651162,N_S_WWC_WM
N_S_WWC_WM_0071,4789.1,988.3,1322.5,1306949.0,1322.5,14.2,4.7,0.455,1502196,0.2161674432657807,N_S_WWC_WM
N_S_WWC_WM_0072,4858.5,1104.3,1342.4,1482353.0,1342.4,12.7,0.0,0.426,1502196,0.2703264482259136,N_S_WWC_WM
N_S_WWC_WM_0073,4827.5,1080.6,1334.6,1442201.0,1334.6,8.7,0.6,0.467,1502196,0.2130347369568106,N_S_WWC_WM
N_S_WWC_WM_0075,4731.3,994.3,1348.5,1340836.0,1340.4,8.5,0.0,0.437,1502196,0.236771614627907,N_S_WWC_WM
N_S_WWC_WM_0078,4717.4,1047.0,1227.2,1284821.0,1226.2,6.3,4.8,0.513,1502196,0.2588444286478406,N_S_WWC_WM
N_S_WWC_WM_0079,4595.2,937.8,1355.9,1271548.0,1355.1,10.0,4.5,0.453,1502196,0.2267808507906976,N_S_WWC_WM
N_S_WWC_WM_0080,4747.1,1028.3,1221.9,1256408.0,1221.9,9.4,7.3,0.505,1502196,0.2671091852558139,N_S_WWC_WM
N_S_WWC_WM_0081,4957.5,998.3,1286.2,1283959.0,1286.2,12.0,4.8,0.488,1502196,0.2318821736877076,N_S_WWC_WM
N_S_WWC_WM_0082,5016.8,1063.0,1215.6,1292166.0,1215.6,7.9,4.8,0.473,1502196,0.2616346985481727,N_S_WWC_WM
N_S_WWC_WM_0084,4863.2,1104.2,1230.2,1358338.0,1230.2,9.6,4.4,0.492,1502196,0.2390132511229236,N_S_WWC_WM
N_S_WWC_WM_0085,4935.2,1151.0,1299.2,1495408.0,1298.0,10.7,4.9,0.459,1502196,0.243899217847176,N_S_WWC_WM
N_S_WWC_WM_0087,4926.7,1092.9,1287.8,1407430.0,1287.8,14.4,5.0,0.46,1502196,0.2365613805448504,N_S_WWC_WM
N_S_WWC_WM_0088,4674.9,1025.9,1355.1,1390266.0,1349.7,8.3,0.0,0.445,1502196,0.2289911211960132,N_S_WWC_WM
N_S_WWC_WM_0089,4739.6,1057.2,1308.5,1383356.0,1308.1,14.2,4.9,0.474,1502196,0.2091014278039867,N_S_WWC_WM
N_S_WWC_WM_0090,4540.5,978.8,1345.0,1316479.0,1343.6,8.5,5.1,0.458,1502196,0.2752749941495016,N_S_WWC_WM
N_S_WWC_WM_0091,4529.0,966.3,1311.0,1266881.0,1311.0,11.7,6.4,0.468,1502196,0.2875205066843854,N_S_WWC_WM
N_S_WWC_WM_0092,4736.4,970.2,1216.3,1180043.0,1216.3,6.3,5.1,0.489,1502196,0.2552238420730897,N_S_WWC_WM
N_S_WWC_WM_0093,4689.1,1096.1,1240.2,1359360.0,1240.2,5.0,4.0,0.493,1502196,0.2392506611594684,N_S_WWC_WM
N_S_WWC_WM_0094,4712.5,1089.3,1303.1,1419432.0,1303.1,10.8,3.3,0.482,1502196,0.2501572001362126,N_S_WWC_WM
N_S_WWC_WM_0095,4953.6,999.4,1348.8,1347976.0,1348.7,13.5,0.0,0.438,1502196,0.2426550166279069,N_S_WWC_WM
N_S_WWC_WM_0096,4905.4,983.3,1323.0,1300890.0,1321.2,8.0,4.5,0.429,1502196,0.2138561956976744,N_S_WWC_WM
N_S_WWC_WM_0097,4811.0,1030.3,1235.3,1272747.0,1235.3,7.9,5.6,0.499,1502196,0.2729391185913621,N_S_WWC_WM
N_S_WWC_WM_0099,4604.3,1136.5,1232.9,1401166.0,1232.9,11.2,4.8,0.497,1502196,0.2527848678405315,N_S_WWC_WM
N_S_WWC_WM_0100,4988.2,967.2,1241.3,1200658.0,1241.2,9.4,4.4,0.487,1502196,0.2362755891594684,N_S_WWC_WM
N_S_WWC_WM_0104,5053.5,1145.9,1309.0,1499899.0,1309.0,12.8,5.0,0.457,1502196,0.2366832467142857,N_S_WWC_WM
N_S_WWC_WM_0106,4524.7,992.8,1231.2,1222344.0,1231.2,5.8,5.8,0.491,1502196,0.2348917364252491,N_S_WWC_WM
N_S_WWC_WM_0107,4849.5,1127.3,1228.6,1385073.0,1228.6,4.4,6.3,0.506,1502196,0.2669123559468438,N_S_WWC_WM
N_S_WWC_WM_0108,4804.2,985.1,1325.3,1305616.0,1325.3,15.5,4.8,0.444,1502196,0.2450891608438538,N_S_WWC_WM
N_S_WWC_WM_0127,4793.9,972.9,1231.2,1197930.0,1231.2,10.7,4.4,0.506,1502196,0.2164475518571428,N_S_WWC_WM
N_S_WWC_WM_0129,4745.3,1152.8,1320.0,1521747.0,1319.9,10.7,5.0,0.474,1502196,0.2486101593521595,N_S_WWC_WM
N_S_WWC_WM_0130,4790.8,1032.1,1266.0,1306642.0,1264.9,9.9,3.9,0.491,1502196,0.2892540376378738,N_S_WWC_WM
N_S_WWC_WM_0131,4794.3,1127.0,1234.3,1391050.0,1234.3,10.4,4.7,0.489,1502196,0.23721388430897,N_S_WWC_WM
N_S_WWC_WM_0132,4546.0,958.1,1334.3,1278409.0,1327.4,8.6,4.7,0.437,1502196,0.2517787395049833,N_S_WWC_WM
N_S_WWC_WM_0248,4863.9,1142.5,1326.1,1514970.0,1324.6,13.6,5.4,0.467,1502196,0.2456700117375415,N_S_WWC_WM
N_S_WWC_WM_0249,4738.0,1011.3,1218.7,1232426.0,1218.7,8.8,6.0,0.513,1502196,0.2796339058737542,N_S_WWC_WM
N_S_WWC_WM_0250,4686.1,1037.1,1308.0,1356560.0,1307.7,6.8,6.0,0.446,1502196,0.2305935256976743,N_S_WWC_WM
N_S_WWC_WM_0251,4562.1,1046.9,1334.0,1396660.0,1333.8,6.9,5.5,0.436,1502196,0.2549749062192691,N_S_WWC_WM
N_S_WWC_WM_0252,4636.7,1105.3,1311.0,1448955.0,1311.0,14.6,4.8,0.484,1502196,0.2165488339202657,N_S_WWC_WM
N_S_WWC_WM_0253,4625.9,1131.0,1331.9,1506264.0,1331.5,14.3,3.7,0.444,1502196,0.2776060360730896,N_S_WWC_WM
N_S_WWC_WM_0255,4977.5,978.0,1250.9,1223287.0,1249.8,6.8,4.1,0.47,1502196,0.2656756565315615,N_S_WWC_WM
N_S_WWC_WM_0256,4703.3,1033.5,1335.8,1380578.0,1333.8,13.1,0.0,0.467,1502196,0.2468869815813953,N_S_WWC_WM
N_S_WWC_WM_0258,4839.7,1074.1,1234.1,1325504.0,1234.1,10.3,4.6,0.51,1502196,0.2202201635149501,N_S_WWC_WM
N_S_WWC_WM_0259,4671.3,1078.1,1277.0,1376706.0,1276.7,11.4,4.5,0.486,1502196,0.2314642193986711,N_S_WWC_WM
N_S_WWC_WM_0260,4541.2,1014.4,1284.3,1302825.0,1284.2,11.3,5.7,0.498,1502196,0.2300101928704319,N_S_WWC_WM
N_S_WWC_WM_0261,4716.1,1020.8,1370.1,1398562.0,1368.1,7.3,0.0,0.436,1502196,0.2472625059501661,N_S_WWC_WM
N_S_WWC_WM_0262,4821.8,952.9,1221.3,1163767.0,1221.3,9.8,6.5,0.505,1502196,0.2724016260066446,N_S_WWC_WM
N_S_WWC_WM_0263,5143.0,1136.6,1270.5,1443995.0,1270.5,12.0,5.0,0.48,1502196,0.2191924667973422,N_S_WWC_WM
N_S_WWC_WM_0264,4788.5,972.6,1346.7,1309735.0,1345.8,9.6,0.0,0.449,1502196,0.2524966500033223,N_S_WWC_WM
N_S_WWC_WM_0265,4874.8,1019.4,1224.5,1248320.0,1224.4,7.8,4.5,0.482,1502196,0.2571265250797342,N_S_WWC_WM
N_S_WWC_WM_0266,4883.9,1064.0,1225.1,1303566.0,1225.1,9.4,4.7,0.516,1502196,0.2480398271162791,N_S_WWC_WM
N_S_WWC_WM_0267,4812.4,1132.0,1244.7,1409040.0,1244.3,7.6,4.2,0.483,1502196,0.2292196516146179,N_S_WWC_WM
N_S_WWC_WM_0268,4914.6,1034.1,1307.0,1351588.0,1307.0,8.8,2.1,0.465,1502196,0.2390157568272425,N_S_WWC_WM
N_S_WWC_WM_0269,4864.7,1102.7,1261.7,1391280.0,1261.7,11.2,6.3,0.495,1502196,0.2350967303023255,N_S_WWC_WM
N_S_WWC_WM_0270,4716.8,1108.1,1219.9,1351803.0,1219.9,5.0,5.8,0.505,1502196,0.2250847509435216,N_S_WWC_WM
N_S_WWC_WM_0271,4685.0,1032.9,1284.6,1326875.0,1284.6,8.0,3.0,0.486,1502196,0.2758908398637874,N_S_WWC_WM
N_S_WWC_WM_0272,5210.0,1029.0,1346.9,1385972.0,1345.6,9.4,0.0,0.437,1502196,0.2192413246910299,N_S_WWC_WM
N_S_WWC_WM_0274,4966.9,1000.7,1261.8,1262703.0,1261.8,11.8,6.0,0.481,1502196,0.2533121266445183,N_S_WWC_WM
N_S_WWC_WM_0276,4994.0,1081.1,1306.5,1412427.0,1299.4,11.8,4.2,0.465,1502196,0.238208175654485,N_S_WWC_WM
N_S_WWC_WM_0277,4925.1,1098.8,1244.0,1366939.0,1244.0,10.3,3.9,0.505,1502196,0.2097219452790697,N_S_WWC_WM
N_S_WWC_WM_0278,4871.2,1040.7,1283.1,1335310.0,1283.1,12.3,5.1,0.462,1502196,0.271664123192691,N_S_WWC_WM
N_S_WWC_WM_0279,4915.8,999.5,1264.8,1264125.0,1264.8,10.6,4.0,0.481,1502196,0.228360823627907,N_S_WWC_WM
N_S_WWC_WM_0281,4830.6,977.5,1251.8,1223638.0,1251.8,12.0,4.5,0.469,1502196,0.2612914813289037,N_S_WWC_WM
N_S_WWC_WM_0282,5051.2,1091.5,1301.5,1420642.0,1301.5,10.3,5.4,0.459,1502196,0.2803711804053156,N_S_WWC_WM
N_S_WWC_WM_0283,4663.7,1054.4,1257.0,1325414.0,1256.3,7.0,4.0,0.468,1502196,0.231253864578073,N_S_WWC_WM
N_S_WWC_WM_0284,4709.3,1135.8,1240.4,1408861.0,1240.1,7.3,4.3,0.481,1502196,0.2614587922259136,N_S_WWC_WM
N_S_WWC_WM_0285,4704.1,1082.5,1268.6,1373243.0,1268.6,13.0,4.9,0.493,1502196,0.2272785265614617,N_S_WWC_WM
N_S_WWC_WM_0286,4837.0,1156.0,1305.8,1509570.0,1305.8,13.3,4.9,0.469,1502196,0.2517145076112956,N_S_WWC_WM
N_S_WWC_WM_0289,4534.1,964.4,1241.5,1197375.0,1241.5,9.5,7.1,0.5,1502196,0.2541336931760797,N_S_WWC_WM
N_S_WWC_WM_0290,4820.8,1160.3,1291.9,1499020.0,1288.1,6.6,5.0,0.432,1502196,0.2755137086744186,N_S_WWC_WM
N_S_WWC_WM_0291,4799.9,998.9,1366.4,1364934.0,1364.3,11.0,0.0,0.465,1502196,0.2795453696976744,N_S_WWC_WM
N_S_WWC_WM_0292,4971.9,1058.9,1234.4,1307087.0,1234.4,9.6,4.2,0.457,1502196,0.2470082493687707,N_S_WWC_WM
N_S_WWC_WM_0294,4891.3,1150.5,1270.0,1461118.0,1269.8,6.2,5.3,0.467,1502196,0.2485850804318937,N_S_WWC_WM
N_S_WWC_WM_0295,4593.8,1054.5,1226.8,1293592.0,1226.8,6.9,7.1,0.517,1502196,0.227030940923588,N_S_WWC_WM
N_S_WWC_WM_0297,5086.2,1100.6,1326.1,1459471.0,1326.1,10.7,4.5,0.444,1502196,0.2500070737275747,N_S_WWC_WM
N_S_WWC_WM_0299,4917.2,955.6,1362.2,1301716.0,1361.4,11.4,0.0,0.459,1502196,0.2183397668903654,N_S_WWC_WM
N_S_WWC_WM_0300,5101.5,1090.5,1275.6,1390978.0,1275.6,7.5,4.5,0.469,1502196,0.2114466535083056,N_S_WWC_WM
N_S_WWC_WM_0301,4748.5,1013.7,1276.9,1294398.0,1274.8,8.1,5.5,0.461,1502196,0.2374128086146179,N_S_WWC_WM
N_S_WWC_WM_0302,4675.3,945.2,1248.1,1179705.0,1247.6,11.0,4.0,0.478,1502196,0.2640470523056478,N_S_WWC_WM
N_S_WWC_WM_0303,4914.5,1150.6,1232.1,1417646.0,1232.1,10.6,6.6,0.503,1502196,0.2620038315946844,N_S_WWC_WM
N_S_WWC_WM_0304,4926.0,1040.9,1352.9,1408242.0,1347.3,10.8,0.0,0.444,1502196,0.2744309134684385,N_S_WWC_WM
N_S_WWC_WM_0305,4550.3,1045.6,1302.0,1361295.0,1302.0,13.1,5.2,0.485,1502196,0.2675085567641196,N_S_WWC_WM
N_S_WWC_WM_0306,4942.5,1006.9,1264.9,1273561.0,1264.5,6.2,4.0,0.468,1502196,0.2150020683056478,N_S_WWC_WM
N_S_WWC_WM_0307,4886.8,1132.2,1252.2,1417688.0,1251.1,8.0,5.2,0.491,1502196,0.2189981434983389,N_S_WWC_WM
N_S_WWC_WM_0308,4651.6,977.9,1347.0,1317199.0,1346.9,14.3,0.0,0.456,1502196,0.2624562940598007,N_S_WWC_WM
N_S_WWC_WM_0310,4960.6,1146.0,1293.6,1482380.0,1293.6,11.0,5.0,0.44,1502196,0.2459863680299003,N_S_WWC_WM
N_S_WWC_WM_0311,4600.7,958.0,1272.9,1219423.0,1272.5,11.6,5.2,0.465,1502196,0.2575384026345515,N_S_WWC_WM
N_S_WWC_WM_0312,4673.7,972.4,1274.0,1238799.0,1274.0,8.5,4.8,0.479,1502196,0.2192686833421926,N_S_WWC_WM
N_S_WWC_WM_0314,4855.3,1044.1,1296.9,1354089.0,1296.9,13.1,1.6,0.488,1502196,0.2410075343421927,N_S_WWC_WM
N_S_WWC_WM_0315,4776.9,1011.7,1322.3,1337832.0,1316.6,13.6,0.0,0.445,1502196,0.272389599551495,N_S_WWC_WM
N_S_WWC_WM_0316,4688.1,1041.8,1289.4,1343289.0,1289.4,12.0,5.9,0.494,1502196,0.2315850170199335,N_S_WWC_WM
N_S_WWC_WM_0317,4905.7,1066.5,1249.5,1332571.0,1249.5,11.1,4.3,0.468,1502196,0.2276838381096345,N_S_WWC_WM
N_S_WWC_WM_0319,4479.1,1031.5,1226.6,1265264.0,1226.6,9.4,5.4,0.52,1502196,0.2336543985315614,N_S_WWC_WM
N_S_WWC_WM_0321,4844.2,1074.9,1238.8,1331555.0,1238.8,11.5,4.5,0.502,1502196,0.2442989828006644,N_S_WWC_WM
N_S_WWC_WM_0322,4740.4,1057.9,1225.4,1296306.0,1225.4,11.0,4.7,0.5,1502196,0.258035456,N_S_WWC_WM
N_S_WWC_WM_0323,4793.6,1154.1,1319.3,1522522.0,1318.9,14.1,2.8,0.477,1502196,0.2395160881727574,N_S_WWC_WM
N_S_WWC_WM_0324,4498.2,1094.6,1346.7,1474062.0,1344.0,9.8,4.4,0.461,1502196,0.2729313143289036,N_S_WWC_WM
N_S_WWC_WM_0327,4836.5,1117.4,1331.9,1488284.0,1331.6,14.2,3.9,0.458,1502196,0.2441206912558139,N_S_WWC_WM
N_S_WWC_WM_0328,4605.3,1070.3,1229.9,1316382.0,1229.4,4.3,5.0,0.492,1502196,0.257052653282392,N_S_WWC_WM
N_S_WWC_WM_0330,4715.9,1132.8,1286.6,1457417.0,1286.6,7.8,5.9,0.477,1502196,0.2354332526146179,N_S_WWC_WM
N_S_WWC_WM_0331,4822.5,956.1,1260.4,1205154.0,1260.4,6.5,5.6,0.494,1502196,0.2552630692757475,N_S_WWC_WM
N_S_WWC_WM_0332,4609.7,1067.0,1248.9,1332620.0,1248.9,10.7,5.6,0.51,1502196,0.2173575692458471,N_S_WWC_WM
N_S_WWC_WM_0334,4690.0,1133.1,1263.0,1431191.0,1263.0,14.0,3.8,0.49,1502196,0.2227371006910299,N_S_WWC_WM
N_S_WWC_WM_0336,4695.9,1013.0,1256.2,1272485.0,1256.2,10.2,5.3,0.505,1502196,0.2572418131528239,N_S_WWC_WM
N_S_WWC_WM_0337,5029.4,975.3,1301.6,1269366.0,1301.4,10.6,5.5,0.463,1502196,0.2378633306910299,N_S_WWC_WM
N_S_WWC_WM_0338,4672.5,1011.3,1314.9,1329657.0,1312.7,8.6,5.2,0.457,1502196,0.2392823201428571,N_S_WWC_WM
N_S_WWC_WM_0339,4680.3,1018.3,1278.8,1302156.0,1277.5,13.4,5.0,0.476,1502196,0.2359809649700997,N_S_WWC_WM
N_S_WWC_WM_0340,4952.0,997.6,1308.1,1304980.0,1308.1,12.2,4.8,0.473,1502196,0.2237429194983388,N_S_WWC_WM
N_S_WWC_WM_0341,4701.8,1018.4,1216.6,1238996.0,1216.6,9.7,5.1,0.519,1502196,0.2569457626511628,N_S_WWC_WM
N_S_WWC_WM_0342,5118.5,961.4,1317.3,1266476.0,1317.3,11.3,4.4,0.456,1502196,0.227158360847176,N_S_WWC_WM
N_S_WWC_WM_0343,4903.1,1080.2,1230.5,1329257.0,1230.5,9.2,4.2,0.489,1502196,0.2589319565614618,N_S_WWC_WM
N_S_WWC_WM_0347,4775.7,941.1,1255.4,1181472.0,1255.4,6.6,4.2,0.452,1502196,0.2778360272956811,N_S_WWC_WM
N_S_WWC_WM_0348,4740.9,1137.7,1317.1,1498450.0,1317.1,7.9,6.3,0.459,1502196,0.2497640671328904,N_S_WWC_WM
N_S_WWC_WM_0349,4845.6,1075.7,1330.3,1430956.0,1330.3,7.3,0.1,0.46,1502196,0.2541585422657807,N_S_WWC_WM
N_S_WWC_WM_0350,4549.8,996.7,1273.9,1269653.0,1273.9,8.3,6.6,0.504,1502196,0.2079973967475083,N_S_WWC_WM
N_S_WWC_WM_0352,4912.4,1040.5,1278.3,1329985.0,1278.3,7.0,6.4,0.474,1502196,0.2654322529435216,N_S_WWC_WM
N_S_WWC_WM_0354,4704.5,1050.6,1223.9,1285877.0,1223.5,5.4,5.1,0.507,1502196,0.2454546234219269,N_S_WWC_WM
N_S_WWC_WM_0355,4927.8,1028.1,1286.9,1323051.0,1286.4,11.7,4.8,0.491,1502196,0.2162326654318936,N_S_WWC_WM
N_S_WWC_WM_0356,4917.6,1139.9,1364.8,1555741.0,1358.8,14.0,0.0,0.456,1502196,0.2281585800598006,N_S_WWC_WM
N_S_WWC_WM_0358,4642.0,1140.2,1340.0,1527805.0,1339.4,8.6,2.4,0.46,1502196,0.2544689671960133,N_S_WWC_WM
N_S_WWC_WM_0359,4887.7,1027.3,1358.6,1395699.0,1357.1,7.6,0.0,0.446,1502196,0.2381618250166113,N_S_WWC_WM
N_S_WWC_WM_0360,4674.3,1126.7,1324.2,1491984.0,1323.8,14.2,4.6,0.456,1502196,0.266601635730897,N_S_WWC_WM
N_S_WWC_WM_0365,4874.9,1021.2,1279.6,1306722.0,1279.6,11.6,6.2,0.493,1502196,0.2794890626312292,N_S_WWC_WM
N_S_WWC_WM_0366,4667.0,949.2,1285.9,1220505.0,1285.9,8.3,6.1,0.475,1502196,0.2390813251993355,N_S_WWC_WM
N_S_WWC_WM_0367,4704.4,969.2,1225.2,1187468.0,1225.2,5.2,6.0,0.512,1502196,0.2783173354518272,N_S_WWC_WM
N_S_WWC_WM_0370,4704.2,1173.4,1276.6,1497846.0,1276.5,12.3,4.4,0.498,1502196,0.2495570341196013,N_S_WWC_WM
N_S_WWC_WM_0372,4574.7,1077.1,1252.5,1349098.0,1252.5,9.4,4.4,0.514,1502196,0.224335615551495,N_S_WWC_WM
N_S_WWC_WM_0373,4670.0,1106.1,1247.7,1380067.0,1247.7,6.5,4.4,0.471,1502196,0.242557247,N_S_WWC_WM
N_S_WWC_WM_0375,4717.9,994.0,1359.8,1351566.0,1354.0,9.8,0.0,0.415,1502196,0.2940504125415282,N_S_WWC_WM
N_S_WWC_WM_0376,4699.8,1004.0,1341.7,1347045.0,1339.4,13.6,0.0,0.447,1502196,0.2563159021993355,N_S_WWC_WM
N_S_WWC_WM_0377,5064.4,989.0,1324.9,1310351.0,1324.9,10.9,5.5,0.464,1502196,0.2287510221063123,N_S_WWC_WM
N_S_WWC_WM_0378,4769.0,982.8,1223.0,1202001.0,1223.0,8.2,4.7,0.494,1502196,0.266221926295681,N_S_WWC_WM
N_S_WWC_WM_0379,4940.9,942.4,1334.6,1257649.0,1327.4,12.8,0.0,0.461,1502196,0.2242203369136212,N_S_WWC_WM
N_S_WWC_WM_0380,4651.0,1031.3,1263.5,1303130.0,1262.3,7.2,4.1,0.482,1502196,0.268148893255814,N_S_WWC_WM
N_S_WWC_WM_0381,4770.4,1111.9,1353.5,1504946.0,1352.2,7.8,1.2,0.446,1502196,0.262772971116279,N_S_WWC_WM
N_S_WWC_WM_0382,4898.0,1037.0,1351.1,1401066.0,1350.3,14.2,0.0,0.436,1502196,0.2484320517176079,N_S_WWC_WM
N_S_WWC_WM_0383,4757.3,1145.1,1307.8,1497540.0,1307.5,15.2,5.2,0.47,1502196,0.2674116168172757,N_S_WWC_WM
N_S_WWC_WM_0384,4780.3,1064.1,1345.9,1432138.0,1344.6,15.2,0.0,0.456,1502196,0.2533945211196013,N_S_WWC_WM
N_S_WWC_WM_0385,4555.1,1017.2,1214.1,1235076.0,1214.1,9.0,5.4,0.511,1502196,0.2347444106644517,N_S_WWC_WM
N_S_WWC_WM_0386,4801.5,1096.6,1232.7,1351841.0,1232.6,6.1,4.6,0.497,1502196,0.2184565824584717,N_S_WWC_WM
N_S_WWC_WM_0387,4823.6,994.9,1299.3,1292736.0,1299.3,13.9,5.2,0.456,1502196,0.2474333019302325,N_S_WWC_WM
N_S_WWC_WM_0388,4700.3,1119.3,1303.4,1458900.0,1303.4,14.3,5.1,0.458,1502196,0.2380594683754153,N_S_WWC_WM
N_S_WWC_WM_0389,4474.4,991.5,1317.1,1305986.0,1317.1,13.2,5.6,0.464,1502196,0.2577857589335548,N_S_WWC_WM
N_S_WWC_WM_0390,4418.3,1061.1,1291.8,1370778.0,1291.8,13.3,5.3,0.509,1502196,0.2321064912591362,N_S_WWC_WM
N_S_WWC_WM_0391,4860.6,1080.0,1298.7,1402513.0,1297.2,12.7,5.0,0.461,1502196,0.2969541629700997,N_S_WWC_WM
N_S_WWC_WM_0392,4778.0,1143.6,1224.5,1400250.0,1224.1,3.7,4.7,0.473,1502196,0.2230504399568106,N_S_WWC_WM
N_S_WWC_WM_0395,4642.3,1072.1,1329.0,1424861.0,1326.8,9.0,5.5,0.434,1502196,0.2803178348471761,N_S_WWC_WM
N_S_WWC_WM_0397,5133.7,1000.6,1326.4,1327226.0,1324.6,7.2,4.2,0.443,1502196,0.2360133916644518,N_S_WWC_WM
N_S_WWC_WM_0398,5056.8,1046.6,1312.4,1373566.0,1312.3,12.4,4.3,0.466,1502196,0.2311668682358803,N_S_WWC_WM
N_S_WWC_WM_0399,4718.6,972.6,1260.1,1225514.0,1259.5,12.5,3.7,0.506,1502196,0.234489025013289,N_S_WWC_WM
N_S_WWC_WM_0400,4768.0,1147.6,1328.7,1524710.0,1328.7,13.7,4.4,0.484,1502196,0.2546770507275747,N_S_WWC_WM
N_S_WWC_WM_0401,4538.5,1117.7,1243.8,1390291.0,1243.7,12.5,4.8,0.515,1502196,0.2801161644318937,N_S_WWC_WM
N_S_WWC_WM_0402,4738.1,1062.9,1216.6,1293125.0,1216.6,5.1,7.4,0.497,1502196,0.2478861758770764,N_S_WWC_WM
N_S_WWC_WM_0403,4998.9,1059.9,1260.8,1336372.0,1260.2,7.0,3.8,0.472,1502196,0.2379368017508306,N_S_WWC_WM
N_S_WWC_WM_0404,4883.4,1083.7,1276.7,1383509.0,1275.5,9.6,4.8,0.474,1502196,0.2457552077242524,N_S_WWC_WM
N_S_WWC_WM_0405,4702.3,1180.7,1247.9,1473406.0,1247.9,6.9,5.2,0.476,1502196,0.2211292113388704,N_S_WWC_WM
N_S_WWC_WM_0406,4784.1,1072.6,1247.2,1337755.0,1247.1,11.0,5.0,0.506,1502196,0.2528068166943521,N_S_WWC_WM
N_S_WWC_WM_0407,4940.6,1150.5,1242.1,1428983.0,1242.1,10.0,4.1,0.507,1502196,0.1998517627541528,N_S_WWC_WM
N_S_WWC_WM_0408,4844.5,988.4,1238.7,1224335.0,1238.7,6.6,4.2,0.47,1502196,0.2585234093023256,N_S_WWC_WM
N_S_WWC_WM_0409,4703.3,1123.3,1289.5,1448469.0,1288.5,8.2,5.6,0.469,1502196,0.262028005385382,N_S_WWC_WM
N_S_WWC_WM_0410,4657.2,1115.3,1361.8,1518863.0,1359.5,8.2,0.0,0.462,1502196,0.2232316607774086,N_S_WWC_WM
N_S_WWC_WM_0411,4568.5,1146.4,1271.6,1457704.0,1269.2,11.0,4.2,0.472,1502196,0.2362254602425249,N_S_WWC_WM
N_S_WWC_WM_0412,5100.3,1098.1,1356.7,1489815.0,1354.6,12.5,0.0,0.439,1502196,0.2764385694518272,N_S_WWC_WM
N_S_WWS_WM_0001,4821.3,1012.4,1313.8,1330031.0,1313.0,8.7,0.4,0.462,1502196,0.2789850220531562,N_S_WWS_WM
N_S_WWS_WM_0002,4721.3,1024.9,1328.5,1361577.0,1328.2,7.4,0.8,0.474,1502196,0.2283335257009966,N_S_WWS_WM
N_S_WWS_WM_0003,5105.2,1020.3,1325.4,1352308.0,1325.4,13.1,4.1,0.459,1502196,0.2481878131196013,N_S_WWS_WM
N_S_WWS_WM_0005,4736.0,1156.3,1244.1,1438552.0,1244.1,11.8,4.6,0.518,1502196,0.2501866866079734,N_S_WWS_WM
N_S_WWS_WM_0009,4718.8,1136.8,1306.8,1485573.0,1306.4,8.4,6.0,0.474,1502196,0.2543974821960132,N_S_WWS_WM
N_S_WWS_WM_0010,4561.3,1023.9,1332.2,1364029.0,1332.2,14.1,5.8,0.47,1502196,0.2521002150299004,N_S_WWS_WM
N_S_WWS_WM_0014,4598.4,1093.6,1231.3,1346531.0,1231.3,11.1,4.6,0.49,1502196,0.2503987347641196,N_S_WWS_WM
N_S_WWS_WM_0015,4681.0,1153.5,1308.8,1509682.0,1308.8,7.7,0.2,0.479,1502196,0.2348558875382059,N_S_WWS_WM
N_S_WWS_WM_0017,4756.6,969.6,1239.2,1201527.0,1239.2,7.3,4.5,0.485,1502196,0.2327074880996678,N_S_WWS_WM
N_S_WWS_WM_0018,4767.4,1036.8,1218.3,1263186.0,1218.3,7.0,5.8,0.51,1502196,0.2680694190930232,N_S_WWS_WM
N_S_WWS_WM_0019,4800.8,958.7,1252.2,1200426.0,1252.2,11.1,6.3,0.508,1502196,0.2625428966378737,N_S_WWS_WM
N_S_WWS_WM_0020,4822.0,1042.2,1293.6,1348199.0,1290.8,12.3,5.4,0.455,1502196,0.240372071295681,N_S_WWS_WM
N_S_WWS_WM_0021,4580.9,1078.3,1215.8,1310985.0,1215.8,10.3,5.2,0.516,1502196,0.2544757946013289,N_S_WWS_WM
N_S_WWS_WM_0022,4753.9,1108.8,1213.9,1345999.0,1213.9,7.7,5.5,0.491,1502196,0.2335499143488372,N_S_WWS_WM
N_S_WWS_WM_0022,4664.3,2213.8,1326.4,2936536.0,1326.4,7.6,6.8,0.515,5545572,0.2335499143488372,N_S_WWS_WM
N_S_WWS_WM_0023,4749.8,1092.1,1280.0,1397795.0,1277.4,11.7,5.3,0.465,1502196,0.2245529784352159,N_S_WWS_WM
N_S_WWS_WM_0023,4660.3,2180.4,1390.6,3032108.0,1388.1,8.7,5.6,0.491,5545572,0.2245529784352159,N_S_WWS_WM
N_S_WWS_WM_0024,4803.8,1092.3,1342.7,1466681.0,1331.5,13.4,0.0,0.462,1502196,0.2417412799335547,N_S_WWS_WM
N_S_WWS_WM_0024,4713.2,2181.0,1451.6,3165824.0,1440.6,11.5,4.1,0.486,5545572,0.2417412799335547,N_S_WWS_WM
N_S_WWS_WM_0025,4849.7,1155.7,1340.4,1549081.0,1338.7,11.6,0.0,0.462,1502196,0.251156821910299,N_S_WWS_WM
N_S_WWS_WM_0025,4758.2,2307.5,1449.3,3344265.0,1447.6,10.0,4.1,0.484,5545572,0.251156821910299,N_S_WWS_WM
N_S_WWS_WM_0026,4922.7,966.8,1355.9,1310871.0,1349.0,9.1,0.0,0.453,1502196,0.2281379351395348,N_S_WWS_WM
N_S_WWS_WM_0026,4829.9,1930.3,1464.4,2826710.0,1457.7,7.5,3.9,0.475,5545572,0.2281379351395348,N_S_WWS_WM
N_S_WWS_WM_0027,4502.7,2116.2,1353.8,2864856.0,1351.0,2.4,6.7,0.517,5545572,0.2779948494352159,N_S_WWS_WM
N_S_WWS_WM_0027,4589.2,1059.9,1242.0,1316438.0,1239.2,5.6,4.4,0.488,1502196,0.2779948494352159,N_S_WWS_WM
N_S_WWS_WM_0028,4635.8,1064.6,1296.1,1379764.0,1296.1,12.0,5.4,0.491,1502196,0.2577873627076412,N_S_WWS_WM
N_S_WWS_WM_0029,4846.2,1017.5,1302.2,1325025.0,1298.6,7.3,4.7,0.466,1502196,0.2360498231960132,N_S_WWS_WM
N_S_WWS_WM_0030,4576.1,1045.7,1319.4,1379768.0,1319.4,13.9,5.1,0.478,1502196,0.2367996572093023,N_S_WWS_WM
N_S_WWS_WM_0032,4791.8,987.0,1235.7,1219611.0,1235.5,10.3,4.1,0.488,1502196,0.2804648655149501,N_S_WWS_WM
N_S_WWS_WM_0034,4608.2,970.3,1274.3,1236413.0,1274.3,8.7,5.5,0.485,1502196,0.2270933177076411,N_S_WWS_WM
N_S_WWS_WM_0035,4635.4,1046.3,1301.8,1362025.0,1301.8,13.9,5.3,0.477,1502196,0.25641639220598,N_S_WWS_WM
N_S_WWS_WM_0036,4665.5,1103.8,1326.2,1463954.0,1320.1,10.5,4.3,0.462,1502196,0.2344552747774086,N_S_WWS_WM
N_S_WWS_WM_0039,4955.8,1041.1,1341.1,1396133.0,1341.1,10.2,4.5,0.456,1502196,0.2280691219468438,N_S_WWS_WM
N_S_WWS_WM_0042,5085.7,1029.6,1264.1,1301528.0,1264.1,11.9,3.9,0.481,1502196,0.2241674351561461,N_S_WWS_WM
N_S_WWS_WM_0043,4879.2,1136.0,1349.3,1532815.0,1346.8,11.9,0.0,0.447,1502196,0.2201472725847176,N_S_WWS_WM
N_S_WWS_WM_0044,4533.9,1120.5,1348.4,1510869.0,1348.1,9.5,5.1,0.448,1502196,0.2362349725514949,N_S_WWS_WM
N_S_WWS_WM_0047,4636.2,1124.1,1235.8,1389134.0,1235.8,10.3,4.9,0.504,1502196,0.2239804283687707,N_S_WWS_WM
N_S_WWS_WM_0049,4729.4,1151.3,1298.8,1495302.0,1297.5,12.8,5.3,0.494,1502196,0.2064937221362126,N_S_WWS_WM
N_S_WWS_WM_0050,4785.7,1134.7,1312.9,1489792.0,1312.9,10.2,4.9,0.448,1502196,0.2733974330166113,N_S_WWS_WM
N_S_WWS_WM_0051,4639.7,1143.5,1228.9,1405297.0,1227.7,10.8,4.5,0.477,1502196,0.2367794193289036,N_S_WWS_WM
N_S_WWS_WM_0053,4926.5,1131.1,1266.9,1432904.0,1266.8,11.2,5.2,0.474,1502196,0.2501540971661129,N_S_WWS_WM
N_S_WWS_WM_0055,4853.8,1053.7,1213.2,1278375.0,1213.2,8.5,6.6,0.512,1502196,0.2539748064318937,N_S_WWS_WM
N_S_WWS_WM_0057,4738.4,1080.9,1258.3,1360077.0,1258.1,12.1,4.1,0.468,1502196,0.2465649158305648,N_S_WWS_WM
N_S_WWS_WM_0058,4974.1,1177.8,1287.5,1516367.0,1287.5,12.5,5.1,0.466,1502196,0.2342568688272425,N_S_WWS_WM
N_S_WWS_WM_0059,4671.2,1113.5,1237.6,1378069.0,1237.6,5.7,7.1,0.506,1502196,0.2384967630066445,N_S_WWS_WM
N_S_WWS_WM_0060,4988.9,1102.1,1309.2,1442787.0,1309.2,10.9,4.3,0.468,1502196,0.2274032690232558,N_S_WWS_WM
N_S_WWS_WM_0061,5070.5,1054.7,1251.9,1320351.0,1251.9,12.1,3.8,0.48,1502196,0.2435645721528239,N_S_WWS_WM
N_S_WWS_WM_0065,4846.2,1048.2,1317.0,1380471.0,1316.9,13.1,4.7,0.475,1502196,0.2422235013421927,N_S_WWS_WM
N_S_WWS_WM_0066,4709.2,1097.2,1219.2,1337681.0,1219.2,9.6,5.1,0.513,1502196,0.2326653675581395,N_S_WWS_WM
N_S_WWS_WM_0067,5117.1,1129.6,1320.5,1491623.0,1318.1,7.1,4.7,0.44,1502196,0.2555157760930233,N_S_WWS_WM
N_S_WWS_WM_0068,4706.6,1040.0,1279.1,1330243.0,1279.1,12.8,5.4,0.47,1502196,0.2376656620099668,N_S_WWS_WM
N_S_WWS_WM_0070,4821.9,988.6,1272.8,1258327.0,1272.8,9.5,4.0,0.482,1502196,0.2632569251295681,N_S_WWS_WM
N_S_WWS_WM_0071,4764.1,987.4,1322.5,1305817.0,1322.5,14.0,5.1,0.457,1502196,0.219216913833887,N_S_WWS_WM
N_S_WWS_WM_0072,4858.5,1104.4,1337.0,1476618.0,1337.0,12.5,0.0,0.428,1502196,0.2676181825614617,N_S_WWS_WM
N_S_WWS_WM_0073,4844.4,1080.9,1333.7,1441690.0,1333.7,8.3,0.5,0.463,1502196,0.2135785423820598,N_S_WWS_WM
N_S_WWS_WM_0075,4711.5,994.5,1348.3,1340948.0,1339.1,9.0,0.0,0.439,1502196,0.2386718206810631,N_S_WWS_WM
N_S_WWS_WM_0078,4697.9,1045.9,1227.2,1283570.0,1225.9,6.1,4.8,0.513,1502196,0.2566218682292359,N_S_WWS_WM
N_S_WWS_WM_0079,4596.2,937.8,1356.0,1271695.0,1355.2,9.6,4.5,0.453,1502196,0.2224183264983388,N_S_WWS_WM
N_S_WWS_WM_0080,4767.2,1032.2,1221.9,1261229.0,1221.9,9.2,7.2,0.506,1502196,0.2738079265315614,N_S_WWS_WM
N_S_WWS_WM_0081,4944.3,998.3,1295.0,1292695.0,1294.9,12.3,4.8,0.486,1502196,0.2294661161760797,N_S_WWS_WM
N_S_WWS_WM_0082,5010.2,1062.5,1215.9,1291944.0,1215.9,7.3,4.8,0.47,1502196,0.2548482825448505,N_S_WWS_WM
N_S_WWS_WM_0084,4863.5,1103.3,1230.9,1358008.0,1230.9,9.6,4.3,0.492,1502196,0.2315975981694352,N_S_WWS_WM
N_S_WWS_WM_0085,4891.5,1152.0,1300.0,1497682.0,1298.7,9.8,4.9,0.456,1502196,0.2464848982126246,N_S_WWS_WM
N_S_WWS_WM_0087,4929.3,1093.0,1288.1,1407933.0,1288.1,14.6,5.0,0.458,1502196,0.2336451706644518,N_S_WWS_WM
N_S_WWS_WM_0088,4666.7,1005.1,1355.1,1362036.0,1349.0,8.5,0.0,0.45,1502196,0.2278580610564784,N_S_WWS_WM
N_S_WWS_WM_0089,4739.6,1058.8,1309.1,1386001.0,1308.5,13.8,5.0,0.471,1502196,0.208163309744186,N_S_WWS_WM
N_S_WWS_WM_0091,4523.1,973.9,1311.4,1277078.0,1311.3,10.7,6.4,0.466,1502196,0.2951925673289036,N_S_WWS_WM
N_S_WWS_WM_0092,4736.5,969.2,1217.0,1179461.0,1217.0,5.1,5.1,0.489,1502196,0.2589167142923588,N_S_WWS_WM
N_S_WWS_WM_0459,4486.8,1129.5,1346.4,1520687.0,1342.3,9.3,4.8,0.456,1502196,0.2684613068272425,N_S_WWS_WM
N_S_WWS_WM_0461,4554.5,994.2,1318.6,1310996.0,1316.8,15.8,4.9,0.471,1502196,0.2556477494584718,N_S_WWS_WM
N_S_WWS_WM_0462,4917.2,976.1,1349.5,1317278.0,1347.9,8.2,1.6,0.46,1502196,0.2153856279468438,N_S_WWS_WM
N_S_WWS_WM_0463,4716.6,1101.7,1262.2,1390615.0,1260.7,7.0,3.9,0.472,1502196,0.2585892739435215,N_S_WWS_WM
N_S_WWS_WM_0465,4713.4,988.8,1227.4,1213714.0,1227.4,8.2,4.8,0.47,1502196,0.2661963965083056,N_S_WWS_WM
N_S_WWS_WM_0466,4792.4,1043.4,1340.5,1398710.0,1339.8,8.6,0.0,0.441,1502196,0.2440152549800664,N_S_WWS_WM
N_S_WWS_WM_0468,5034.9,1011.2,1328.9,1343694.0,1327.8,8.1,4.3,0.45,1502196,0.2205268931129568,N_S_WWS_WM
N_S_WWS_WM_0469,4773.8,966.0,1239.3,1197079.0,1239.3,12.1,6.6,0.511,1502196,0.2304907021428571,N_S_WWS_WM
N_S_WWS_WM_0471,4615.1,1083.1,1316.2,1425526.0,1315.4,8.8,5.2,0.46,1502196,0.246911148461794,N_S_WWS_WM
N_S_WWS_WM_0472,4995.1,1024.1,1328.4,1360366.0,1328.2,12.0,4.4,0.45,1502196,0.274710695654485,N_S_WWS_WM
N_S_WWS_WM_0473,4578.1,1040.7,1295.4,1348189.0,1295.4,10.2,6.8,0.473,1502196,0.2202338501827242,N_S_WWS_WM
N_S_WWS_WM_0474,4945.9,1077.8,1334.6,1438478.0,1334.6,13.5,2.6,0.462,1502196,0.2486821589401993,N_S_WWS_WM
N_S_WW_WM_0001,4821.3,1012.4,1313.8,1330018.0,1313.0,8.7,0.5,0.462,1502196,0.25999929089701,N_S_WW_WM
N_S_WW_WM_0002,4721.3,1024.9,1328.5,1361577.0,1328.2,7.4,0.8,0.474,1502196,0.2290236961561461,N_S_WW_WM
N_S_WW_WM_0003,5105.2,1020.3,1325.4,1352308.0,1325.4,13.1,4.1,0.459,1502196,0.2401407683388704,N_S_WW_WM
N_S_WW_WM_0004,4732.5,1117.3,1290.5,1441866.0,1290.4,13.2,5.1,0.482,1502196,0.2367244225548172,N_S_WW_WM
N_S_WW_WM_0005,4750.7,1156.3,1244.1,1438556.0,1244.1,11.7,4.7,0.518,1502196,0.2609021136511628,N_S_WW_WM
N_S_WW_WM_0006,4893.4,1165.1,1326.3,1545226.0,1326.3,14.7,4.6,0.457,1502196,0.2280192404285714,N_S_WW_WM
N_S_WW_WM_0007,5099.1,1123.4,1234.2,1386537.0,1233.9,5.4,3.9,0.485,1502196,0.2442476982458472,N_S_WW_WM
N_S_WW_WM_0008,4963.4,1118.1,1246.1,1393258.0,1246.0,5.8,4.0,0.461,1502196,0.2267185927275747,N_S_WW_WM
N_S_WW_WM_0009,4698.8,1136.8,1306.8,1485573.0,1306.4,8.4,6.3,0.476,1502196,0.2524830266544851,N_S_WW_WM
N_S_WW_WM_0010,4561.3,1023.9,1324.6,1356216.0,1324.6,14.0,6.0,0.472,1502196,0.2551803679136212,N_S_WW_WM
N_S_WW_WM_0011,4478.7,936.4,1282.7,1201116.0,1282.7,8.3,6.4,0.498,1502196,0.2483153183322258,N_S_WW_WM
N_S_WW_WM_0012,5006.1,1041.8,1269.1,1322183.0,1267.5,7.6,5.3,0.451,1502196,0.2499590347541528,N_S_WW_WM
N_S_WW_WM_0013,5003.2,1148.2,1253.8,1439666.0,1253.8,10.1,4.2,0.47,1502196,0.2519251823787375,N_S_WW_WM
N_S_WW_WM_0014,4598.4,1093.6,1231.3,1346531.0,1231.3,11.1,4.6,0.49,1502196,0.2538565054451827,N_S_WW_WM
N_S_WW_WM_0015,4674.2,1153.5,1308.8,1509681.0,1308.8,7.7,0.1,0.48,1502196,0.2364215591495016,N_S_WW_WM
N_S_WW_WM_0016,4555.6,974.8,1258.2,1226493.0,1257.9,12.7,4.0,0.494,1502196,0.271281185179402,N_S_WW_WM
N_S_WW_WM_0017,4756.6,969.6,1239.2,1201527.0,1239.2,7.3,4.5,0.485,1502196,0.2388222971561462,N_S_WW_WM
N_S_WW_WM_0018,4788.1,1036.8,1218.6,1263453.0,1218.6,7.1,7.1,0.508,1502196,0.2740869867209302,N_S_WW_WM
N_S_WW_WM_0019,4800.8,958.7,1252.2,1200426.0,1252.2,11.1,6.3,0.508,1502196,0.2659683663621262,N_S_WW_WM
N_S_WW_WM_0020,4822.0,1042.2,1293.6,1348199.0,1290.8,12.3,5.4,0.455,1502196,0.24616880810299,N_S_WW_WM
N_S_WW_WM_0021,4580.9,1078.3,1215.8,1310985.0,1215.8,10.3,5.2,0.516,1502196,0.2538970931960133,N_S_WW_WM
N_S_WW_WM_0022,4753.9,1108.8,1213.9,1345999.0,1213.9,7.7,5.5,0.491,1502196,0.2451617199568106,N_S_WW_WM
N_S_WW_WM_0023,4749.8,1092.1,1280.0,1397795.0,1277.4,11.7,5.3,0.465,1502196,0.2235885563654485,N_S_WW_WM
N_S_WW_WM_0024,4803.8,1092.3,1342.7,1466681.0,1331.5,13.4,0.0,0.462,1502196,0.2480435768538206,N_S_WW_WM
N_S_WW_WM_0025,4849.7,1155.7,1340.4,1549081.0,1338.7,11.6,0.0,0.462,1502196,0.2605711677807308,N_S_WW_WM
N_S_WW_WM_0026,4922.7,966.8,1355.9,1310871.0,1349.0,9.1,0.0,0.453,1502196,0.237464705461794,N_S_WW_WM
N_S_WW_WM_0027,4589.2,1059.9,1242.0,1316438.0,1239.2,5.6,4.4,0.488,1502196,0.2645752103189369,N_S_WW_WM
N_S_WW_WM_0028,4635.8,1064.6,1296.1,1379764.0,1296.1,12.0,5.4,0.491,1502196,0.2637069302790698,N_S_WW_WM
N_S_WW_WM_0029,4846.2,1017.5,1302.2,1325025.0,1298.6,7.3,4.7,0.466,1502196,0.230060482847176,N_S_WW_WM
N_S_WW_WM_0030,4576.1,1045.8,1319.8,1380224.0,1319.8,14.0,5.1,0.476,1502196,0.2435425948305647,N_S_WW_WM
N_S_WW_WM_0031,4936.8,1104.1,1269.2,1401277.0,1268.6,9.2,6.1,0.484,1502196,0.2203019491860465,N_S_WW_WM
N_S_WW_WM_0032,4791.8,987.0,1235.7,1219611.0,1235.5,10.3,4.1,0.488,1502196,0.2785479577209302,N_S_WW_WM
N_S_WW_WM_0033,4930.2,1066.3,1300.7,1386932.0,1300.1,7.9,5.8,0.465,1502196,0.2180555267940199,N_S_WW_WM
N_S_WW_WM_0034,4608.2,970.3,1273.2,1235336.0,1273.2,10.0,5.5,0.486,1502196,0.2367850031196013,N_S_WW_WM
N_S_WW_WM_0035,4635.4,1046.3,1301.8,1362025.0,1301.8,13.9,5.3,0.477,1502196,0.2458945428073089,N_S_WW_WM
N_S_WW_WM_0036,4665.5,1110.6,1326.2,1472943.0,1320.1,10.5,4.3,0.462,1502196,0.2284052271727575,N_S_WW_WM
N_S_WW_WM_0037,4899.0,1137.3,1344.5,1529068.0,1344.5,14.2,0.0,0.453,1502196,0.2452539935049834,N_S_WW_WM
N_S_WW_WM_0038,4823.2,1074.3,1331.5,1430420.0,1331.5,14.1,4.6,0.485,1502196,0.2235282402458472,N_S_WW_WM
N_S_WW_WM_0039,4955.8,1038.2,1341.1,1392342.0,1341.1,10.2,4.5,0.456,1502196,0.2284834224950166,N_S_WW_WM
N_S_WW_WM_0040,4828.1,1127.7,1301.1,1467293.0,1299.5,8.4,5.1,0.453,1502196,0.2258205591395349,N_S_WW_WM
N_S_WW_WM_0041,5000.1,1104.8,1296.6,1432495.0,1296.6,10.4,6.2,0.458,1502196,0.2638612077142857,N_S_WW_WM
N_S_WW_WM_0042,5085.7,1029.6,1264.1,1301528.0,1264.1,11.9,3.9,0.481,1502196,0.2260145612225913,N_S_WW_WM
N_S_WW_WM_0043,4879.2,1136.0,1351.7,1535438.0,1348.3,10.5,0.0,0.446,1502196,0.2261647052923588,N_S_WW_WM
N_S_WW_WM_0044,4533.9,1120.5,1348.4,1510869.0,1348.1,9.5,5.1,0.448,1502196,0.2313366091860465,N_S_WW_WM
N_S_WW_WM_0045,4511.0,1011.7,1306.4,1321669.0,1306.4,13.6,5.5,0.476,1502196,0.2841291119966777,N_S_WW_WM
N_S_WW_WM_0046,4872.9,1129.8,1281.4,1447702.0,1281.2,7.7,5.4,0.445,1502196,0.2223954568504983,N_S_WW_WM
N_S_WW_WM_0047,4636.2,1124.1,1235.8,1389134.0,1235.8,10.3,4.9,0.504,1502196,0.2280146244485049,N_S_WW_WM
N_S_WW_WM_0048,5041.1,985.8,1330.5,1311575.0,1329.1,7.3,4.3,0.437,1502196,0.2564316007607973,N_S_WW_WM
N_S_WW_WM_0049,4729.4,1151.3,1298.8,1495302.0,1297.5,12.8,5.3,0.494,1502196,0.2128724177541528,N_S_WW_WM
N_S_WW_WM_0050,4785.7,1134.7,1312.9,1489792.0,1312.9,10.2,4.9,0.448,1502196,0.2739853079534883,N_S_WW_WM
N_S_WW_WM_0051,4639.7,1143.5,1228.9,1405297.0,1227.7,10.8,4.5,0.477,1502196,0.2350800521827242,N_S_WW_WM
N_S_WW_WM_0052,4660.7,1128.3,1337.0,1508472.0,1337.0,15.2,5.1,0.446,1502196,0.2516695368837209,N_S_WW_WM
N_S_WW_WM_0053,4926.5,1131.5,1268.9,1435773.0,1268.7,11.3,5.1,0.474,1502196,0.2502581698039867,N_S_WW_WM
N_S_WW_WM_0054,5013.5,967.6,1306.7,1264367.0,1306.5,12.5,4.9,0.446,1502196,0.2275093716013289,N_S_WW_WM
N_S_WW_WM_0055,4856.5,1053.9,1213.2,1278579.0,1213.2,8.5,6.7,0.51,1502196,0.2542947813222591,N_S_WW_WM
N_S_WW_WM_0056,4670.7,1085.0,1289.9,1399592.0,1288.6,7.7,5.4,0.451,1502196,0.2601887927906977,N_S_WW_WM
N_S_WW_WM_0057,4738.4,1080.9,1258.3,1360077.0,1258.1,12.1,4.1,0.468,1502196,0.255820674448505,N_S_WW_WM
N_S_WW_WM_0058,4974.2,1177.8,1287.9,1516844.0,1287.9,12.5,5.1,0.465,1502196,0.2523891650398671,N_S_WW_WM
N_S_WW_WM_0059,4671.2,1113.5,1237.6,1378069.0,1237.6,5.7,7.1,0.506,1502196,0.2395357159867109,N_S_WW_WM
N_S_WW_WM_0060,4988.9,1102.1,1309.2,1442787.0,1309.2,10.9,4.3,0.468,1502196,0.2345581984119601,N_S_WW_WM
N_S_WW_WM_0061,5070.5,1054.7,1251.9,1320351.0,1251.9,12.1,3.8,0.48,1502196,0.2581860408803987,N_S_WW_WM
